name,education,teaching_load,publications_5y
รศ.ดร. ธำรงรัตน์ อมรรักษา,"ปี ค.ศ. 1999  Ph.D. (Electronic and Electrical Engineering), University of Surrey, U.K.
ปี ค.ศ. 1996  M.S. (Electronic and Electrical Engineering), University of Surrey, U.K.
ปี พ.ศ. 2538  วศ.บ. (วิศวกรรมไฟฟ้า), มหาวิทยาลัยเทคโนโลยีพระจอมเกล้าพระนครเหนือ,
ประเทศไทย","2.1 ภาระงานสอนในปัจจุบัน
รายวิชาระดับปริญญาตรี
CPE 314 เครือข่ายคอมพิวเตอร์     3 หน่วยกิต
(Computer Networks)
CPE 341 เครือข่ายคอมพิวเตอร์     3 หน่วยกิต
(Computer Networks)
CPE 464 การประมวลผลรูปภาพดิจิทัลสำหรับการป้องกันลิขสิทธิ์ 3 หน่วยกิต
(Digital Image Processing for Copyright Protection)
CPE 381 ความปลอดภัยของข้อมูลสำหรับการสื่อสารสื่อประสม  3 หน่วยกิต
(Data Security for Multimedia Communications)
รายวิชาระดับบัณฑิตศึกษา
รายวิชาระดับปริญญาโท
CPE 602 สัมมนาวิศวกรรมคอมพิวเตอร์    1 หน่วยกิต
(Computer Engineering Seminar)
CPE 633 การทำลายน้ำดิจิทัลสำหรับเนื้อหาสื่อประสม   3 หน่วยกิต
(Digital Watermarking for Multimedia Content)
CPE 655 ความมั่นคงปลอดภัยข้อมูลสำหรับการสื่อสารสื่อประสม 3 หน่วยกิต
(Data Security for Multimedia Communications)
รายวิชาระดับปริญญาเอก
CPE 691 ระเบียบวิธีวิจัย      2 หน่วยกิต
(Research Methodology)
CPE 711 สัมมนาวิศวกรรมไฟฟ้าและคอมพิวเตอร์   1 หน่วยกิต
(Electrical and Computer Engineering Seminar)
2.2 ภาระงานสอนในหลักสูตรนี้
รายวิชาระดับปริญญาตรี
CPE 314 เครือข่ายคอมพิวเตอร์     3 หน่วยกิต
(Computer Networks)
CPE 373 ความมั่นคงของข้อมูลสำหรับการสื่อสารสื่อประสม  3 หน่วยกิต
(Data Security for Multimedia Communications)
CPE 383 การประมวลผลรูปภาพดิจิทัลสำหรับการป้องกันลิขสิทธิ์ 3 หน่วยกิต
(Digital Image Processing for Copyright Protection)
CPE 474 ความมั่นคงของสารสนเทศและคอมพิวเตอร์   3 หน่วยกิต
(Computer and Information Security)","International Conference Proceedings
1. Pramoun, T., Srakaew, S. and Amornraksa, T., 2019,  ""Image Watermarking based on
Modified Harmonic Mean Filter "", Asia Digital Image Processing Conference (ADIP
2019), December 21-23, Kobe, Japan, pp. 97-103.
2. Chotikawanid, P., Pramoun, T., Thongkor, K., Supasirisun, P. and Amornraksa, T., 2018,
""Image Watermarking Using Adaptive Local Noise Reduction Filter"", Proc. of ECTI-CON
2018, July 18-21, Chiang Rai, Thailand, pp. 816-819.
3. Pramoun, T., Supasirisun, P.  and Amornraksa, T., 2018, ""Digital Watermarking on
Recolored Images for Protanopia "", Proc. of ECTI-CON 2018, July 18-21, Chiang Rai,
Thailand, pp. 258-261.
4. Pramoun, T., Chotikawanida, P. and Amornraksa, T., 2018,  ""Enhanced Homomorphic
Filter Based Image Watermarking Method"", Proc. the 8th International Congress on
Engineering and Information (ICEAI2018), May 1-4, Sapporo, Japan, pp. 193-204.
International Journal
1. Thongkor, K., Amornraksa, T. and Delp, E.J., 2018, ""Digital Watermarking for Camera -
captured Images based on Just Noticeable Distortion and Wiener Filtering "", Journal
of Visual Communication and Image Representation  , Vol. 53, pp. 146-160, DOI
10.1016/j.jvcir.2018.03.005 (JIF 2016 = 2.164)."
รศ.ดร. นฤมล วัฒนพงศกร,"ปี ค.ศ. 2000  Ph.D. (Electrical Engineering), University of Pittsburgh, U.S.A.
ปี ค.ศ. 1995  M.Eng. (Electrical Engineering), George Washington University, U.S.A.
ปี ค.ศ. 1994  B.Eng. (Computer Engineering), George Washington University, U.S.A.","2.1 ภาระงานสอนในปัจจุบัน
รายวิชาระดับปริญญาตรี
CPE 121 คณิตศาสตร์ดิสครีตสำหรับวิศวกรคอมพิวเตอร์   3 หน่วยกิต
(Discrete Mathematics for Computer Engineers)
CPE  341 การออกแบบการทำให้เหมาะและวิศวกรรมความเชื่อถือได้ 3 หน่วยกิต
(Optimization Design and Reliability Engineering)
CPE  452 การเจาะหาเหมืองข้อมูล     3 หน่วยกิต
(Data Mining)
รายวิชาระดับบัณฑิตศึกษา
รายวิชาระดับปริญญาโท
CPE  613 วิธีการทำให้เหมาะสมที่สุด     3 หน่วยกิต
(Optimization Methods)
2.2 ภาระงานสอนในหลักสูตรนี้
รายวิชาระดับปริญญาตรี
CPE  111 คณิตศาสตร์ดิสครีตสำหรับวิศวกรคอมพิวเตอร์   3 หน่วยกิต
(Discrete Mathematics for Computer Engineers)
CPE  351 การออกแบบการทำให้เหมาะและการคำนวณเชิงวิวัฒนาการ 3 หน่วยกิต
(Optimization Design and Evolutionary Computing)
CPE  456 การเจาะหาเหมืองข้อมูล     3 หน่วยกิต
(Data Mining)","International Conference Proceedings
1. Thungrut, W. and Wattanapongsakorn, N., 2018, “Diabetes Classification with Fuzzy
Genetic Algorithm ”, International Conference on Computing and Information
Technology (IC2IT 2018): Recent Advances in Information and Communication
Technology 2018 , pp. 107-114. Part of the Advances in Intelligent Systems and
Computing book series (AISC, volume 769).
2. Alzahrani, S. M. and Wattanapongsakorn, N., 2017, “Performance Evaluation of Knee-
Based Algorithms for Many-Objective Optimization”, ITC-CSCC 2017, July 2-5, Busan,
Korea.
3. Sooktip, T. and Wattananpongsakorn, N., 2017, “Trade-Off Method for Multi-Objective
Optimization Considering Decision Maker ’s Preferences ”, ITC-CSCC 2017, July 2-5,
Busan, Korea.
4. Mahdavian, M., Sudeng, S. and Wattanapongsakorn, N., 2016,  “Multi-Objective
Optimization and Decision  Making for Greenhouse Climate Control System ”
International Conference on Information Science and Security , 19-22 December,
Pattaya, Thailand.
International Journal
1. Alzahrani, S. M. and Wattanapongsakorn, N., 2018, “Comparative Study of Knee-Based
Algorithms for Many -Objective Optimization Problems ”, ECTI-Transactions on
Computer and Information Technology, Vol. 12, No. 1.
2. Sooktip, T. and Wattananpongsakorn, N., 2017, “A Decision Making Approach for Multi-
Objective Optimization Considering A Trade -Off Method ”, ECTI-Transactions on
Computer and Information Technology, Vol. 11, No. 2.
3. Mahdavian, M., Sudeng, S. and Wattanapongsakorn, N., 2017,  “Multi-objective
Optimization and Decision Making for Greenhouse Climate Control System
Considering User Preference and Data Clustering”,  Cluster Computing – The Journal
of Networks Software Tools and Applications, March, Vol. 20, Issue 1, Special Issue:
SI, pp. 835-853.
4. Mahdavian, M. and Wattanapongsakorn, N., 2017, “Optimizing Greenhouse Lighting for
Advanced Agriculture Based on Real Time Electricity Market Price ”, Mathematical
Problems in Engineering, Article Number: 6862038.
5. Chatwattanasiri, N., Coit, D.W. and Wattanapongsakorn, N., 2016, “System Redundancy
Optimization with Uncertain Stress -based Component Reliability : Minimization of
Regret”, Reliability Engineering and System Safety, Vol. 154, pp. 73-83.
6. Sudeng, S. and Wattanapongsakorn,  N., 2016, “A Knee -based Multi -Objective
Evolutionary Algorithm : an Extension to Network System Optimization Design
Problem”, Cluster Computing, Vol. 19, No. 1, pp. 411-425."
รศ.ดร. พีรพล ศิริพงศ์วุฒิกร,"ปี ค.ศ. 2003  Ph.D. (Information Sciences), University of Pittsburgh, U.S.A.
ปี ค.ศ. 1998  M.Sc. (Telecommunications), University of Pittsburgh, U.S.A.
ปี พ.ศ. 2538  วศ.บ. (วิศวกรรมโทรคมนาคม), สถาบันเทคโนโลยีพระจอมเกล้าเจ้าคุณทหาร
ลาดกระบัง, ประเทศไทย","2.1 ภาระงานสอนในปัจจุบัน
รายวิชาระดับปริญญาตรี
CPE  212 การออกแบบขั้นตอนวิธี     3 หน่วยกิต
(Algorithm Design)
CPE  341 เครือข่ายคอมพิวเตอร์     3 หน่วยกิต
(Computer Networks)
CPE  442 ปฏิบัติการเครือข่ายคอมพิวเตอร์    2 หน่วยกิต
(Computer Network Laboratory)
รายวิชาระดับบัณฑิตศึกษา
รายวิชาระดับปริญญาโท
CPE  601 การออกแบบการทดลองและวิเคราะห์ข้อมูล    3 หน่วยกิต
(Experimental Design and Data Analysis)
2.2 ภาระงานสอนในหลักสูตรนี้
รายวิชาระดับปริญญาตรี
CPE  231 การออกแบบขั้นตอนวิธี     3 หน่วยกิต
(Algorithm Design)
CPE  314 เครือข่ายคอมพิวเตอร์     3 หน่วยกิต
(Computer Networks)
CPE  475 อินเทอร์เน็ตของสรรพสิ่ง     3 หน่วยกิต
(Internet of Things)","International Journal
1. Wongdeethai, S. and Siripongwutikorn, P., 2017, ""Comparison of Data Dissemination
Protocols for Road Traffic Collecting Application in a Vehicular Ad hoc Networks "",
International Journal of Applied Science and Technology , July-September, Vol.
10, No. 3, pp. 177-189,  ISSN: 2465-4531.
2. Tangmankhong, T., Siripongwutikorn, P. and Achalakul, T., 2017, ""Design and Analysis
of Peer-to-Peer Fault Tolerance Approach in a Grid Computing System "", Chiang Mai
Journal of Science, April, Vol. 44, No. 2, pp. 688-698,  ISSN:0125-2526 IF 0.437, Q4.
3. Wongdeethai, S. and Siripongwutikorn, P., 2016, ""Collecting Road Traffic Information
using Vehicular Ad hoc Networks "", EURASIP Journal of Wireless Communication
and Networking (2016), 2016:9 DOI 10.1186/s13638-015-0513-0. ISSN:1687-1499."
รศ.ดร. ณัฐชา เดชดำรง,"ปี ค.ศ. 2000  D.Tech.Sci. (Computer Science and Information Management),
Asian Institute of Technology, Thailand
ปี ค.ศ. 1994  M.S. (Computer Science), Asian Institute of Technology, Thailand.
ปี พ.ศ. 2535  วท.บ. (วิทยาการคอมพิวเตอร์), มหาวิทยาลัยธรรมศาสตร์, ประเทศไทย","2.1 ภาระงานสอนในปัจจุบัน
รายวิชาระดับปริญญาตรี
CPE  121 คณิตศาสตร์ดิสครีตสำหรับวิศวกรคอมพิวเตอร์   3 หน่วยกิต
(Discrete Mathematics for Computer Engineers)
CPE  212 การออกแบบขั้นตอนวิธี     3 หน่วยกิต
(Algorithm Design)
CPE  361 คอมพิวเตอร์กราฟิกส์     3 หน่วยกิต
(Computer Graphics)
CPE  467 การออกแบบและผลิตเกม     3 หน่วยกิต
(Game Design and Development)
รายวิชาระดับบัณฑิตศึกษา
รายวิชาระดับปริญญาโท
CPE  630 คอมพิวเตอร์ช่วยในการออกแบบรูปทรงเรขาคณิต  3 หน่วยกิต
(Computer Aided Geometric Design)
CPE  631 แบบจำลองรูปทรงเรขาคณิตขั้นสูง    3 หน่วยกิต
(Advanced Geometric Modeling)
2.2 ภาระงานสอนในหลักสูตรนี้
รายวิชาระดับปริญญาตรี
CPE  111 คณิตศาสตร์ดิสครีตสำหรับวิศวกรคอมพิวเตอร์   3 หน่วยกิต
(Discrete Mathematics for Computer Engineers)
CPE  231 การออกแบบขั้นตอนวิธี     3 หน่วยกิต
(Algorithm Design)
CPE  381 คอมพิวเตอร์กราฟิกส์     3 หน่วยกิต
(Computer Graphics)
CPE  384 คอมพิวเตอร์แอนิเมชัน     3 หน่วยกิต
(Computer Animation)
CPE  385 การออกแบบและการพัฒนาเกม    3 หน่วยกิต
(Game Design and Development)","International Journal
1. Nuntawisuttiwong, T. and Dejdumrong, N., 2019, “ Fast and Efficient Algorithms for
Evaluating Uniform and Nonuniform Lagrange and Newton Curves”, World Academy
of Science, Engineering and Technology , Open Science Index 152, International
Journal of Computer and Information Engineering, Vol. 13, No. 8, pp. 448 - 452.
2. Nuntawisuttiwong, T. and Dejdumrong, N.,  2019, “  Monomial Form Approach t o
Rectangular Surface Modeling”,  World Academy of Science, Engineering and
Technology, Open Science Index 152, International Journal of Computer and
Information Engineering, Vol. 13, No. 8, pp. 453 - 457."
ผศ.ดร. ณัฐนาถ ฟาคุนเด๊ซ,"ปี ค.ศ. 2002  Ph.D. (Computational Linguistics), State University of New York, U.S.A.
ปี ค.ศ. 1999  M.A. (Computational Linguistics), State University of New York, U.S.A.
ปี พ.ศ. 2537  อ.บ. (ภาษาตะวันตก), จุฬาลงกรณ์มหาวิทยาลัย, ประเทศไทย","2.1 ภาระงานสอนในปัจจุบัน
รายวิชาระดับปริญญาตรี
CPE  101 เปิดโลกวิศวกรรมศาสตร์     3 หน่วยกิต
(Engineering Exploration)
CPE  372 การประมวลผลภาษาธรรมชาติ    3 หน่วยกิต
(Natural Language Processing)
CPE  374 ปฏิสัมพันธ์ระหว่างมนุษย์กับคอมพิวเตอร์   3 หน่วยกิต
(Human-Computer Interaction)
รายวิชาระดับบัณฑิตศึกษา
รายวิชาระดับปริญญาโท
CPE  632 ปฏิสัมพันธ์ระหว่างมนุษย์กับคอมพิวเตอร์   3 หน่วยกิต
(Human-Computer Interaction)
CPE  641 การประมวลผลภาษาธรรมชาติ    3 หน่วยกิต
(Natural Language Processing)
2.2 ภาระงานสอนในหลักสูตรนี้
รายวิชาระดับปริญญาตรี
CPE  101 เปิดโลกวิศวกรรมศาสตร์     3 หน่วยกิต
(Engineering Exploration)
CPE  352 การประมวลผลภาษาธรรมชาติ    3 หน่วยกิต
(Natural Language Processing)
CPE  363 ปฏิสัมพันธ์ระหว่างมนุษย์กับคอมพิวเตอร์   3 หน่วยกิต
(Human-Computer Interaction)","International Conference Proceedings
1. Piyaphakdeesakun, C., Facundes, N.M. and Polvichai, J., 2019, “Thai Comments
Sentiment Analysis on Social Networks with Deep Learning Approach”, The 34th
International Technical Confernce  on Circuits/Systems, Computers and
Communications 2019, June 23-26, Jeju, Korea, pp. 361-384.
2. Facundes, N.M., 2019, “Peer Teaching for CDIO Standards in Computer Programming
Education” , E- learning Forum Asia 2019, May 29-31, Bangkok, Thailand, pp. 67-68.
3. Nuttanart Facundes,  2018,  ""Computer-Assisted Foreign Language Learning: Towards
iCALL"",  The 13th Foreign Language Teaching and Research Conference,  22 - 23
September 2018.  Ehime University Matsuyama.  pp. 1-4."
ผศ.ดร. สันติธรรม พรหมอ่อน,"ปี พ.ศ. 2552  ปร.ด. (วิศวกรรมไฟฟ้าและคอมพิวเตอร์), มหาวิทยาลัยเทคโนโลยีพระจอมเกล้า
ธนบุรี, ประเทศไทย
ปี พ.ศ. 2545  วศ.บ. (วิศวกรรมคอมพิวเตอร์), มหาวิทยาลัยเทคโนโลยีพระจอมเกล้าธนบุรี,
ประเทศไทย","2.1 ภาระงานสอนในปัจจุบัน
รายวิชาระดับปริญญาตรี
CPE  213 แบบจำลองข้อมูล       3 หน่วยกิต
(Data Models)
CPE  325 ข้อมูลขนาดใหญ่       3 หน่วยกิต
(Big Data)
CPE  332 ประเด็นความเป็นมืออาชีพด้านวิศวกรรมคอมพิวเตอร์   1 หน่วยกิต
(Professional Issues in Computer Engineering)
CPE  373 การประมวลผลเสียงพูด      3 หน่วยกิต
(Speech Processing)
รายวิชาระดับบัณฑิตศึกษา
รายวิชาระดับปริญญาโท
CPE  624 ข้อมูลขนาดใหญ่       3 หน่วยกิต
(Big Data)
CPE  642 การประมวลผลเสียงพูด      3 หน่วยกิต
(Speech Processing)
2.2 ภาระงานสอนในหลักสูตรนี้
รายวิชาระดับปริญญาตรี
CPE  232 แบบจำลองข้อมูล       3 หน่วยกิต
(Data Models)
CPE  353 เครื่องสืบค้นและการเจาะหาในอินเทอร์เน็ต    3 หน่วยกิต
(Search Engine and Internet Mining)
CPE  354 การจำลองและแบบจำลองสถานการณ์สำหรับวิทยาศาสตร์เชิงคำนวณ 3 หน่วยกิต
(Modeling and Simulation for Computational Science)
CPE  458 การเรียนรู้เชิงลึก       3 หน่วยกิต
(Deep Learning)","International Conference Proceedings
1. Chaiyo, K., Xu, Y.  and Prom -on, S., 2019, “Time Delays in Tone Production : A
Computational Study of Thai Tones”, The 19th International Congress of Phonetic
Sciences (ICPhS 2019), August 5-9, Melbourne, Australia. pp.1-5
2. Kaewprateep, J. and Prom-on, S., 2018, “Evaluation of Small -Scale Deep Learning
Architectures in Thai Speech Recognition ”, The 2018 International ECTI Northern
Section Conference on Electrical, Electronics, Computer, and
Telecommunications Engineering (ECTI-NCON 2018), February 25 -28, Chiang Rai,
Thailand, pp. 60-64.
International Journals
1. Fairee, S., Prom-on, S. and Sirinaovakul, B., 2018, “Reinforcement Learning for Solution
Updating in Artificial Bee Colony”, PLoS ONE 13(7), e0200738.
2. Tongyoo, P., Avihingsanon, Y., Prom-on, S., Mutirangura, A., Mhuantong, W. and
Hirankarn, N. , 2017, “EnHERV: Enrichment Analysis of Specific Human Endogenous
Retrovirus Patterns and Their Neighboring Genes”, PLoS ONE 12 (5), e0177119."
ผศ.ดร. สุธาทิพย์ มณีวงศ์วัฒนา,"ปี พ.ศ. 2552  ปร.ด. (วิศวกรรมไฟฟ้าและคอมพิวเตอร์), มหาวิทยาลัยเทคโนโลยีพระจอมเกล้า
ธนบุรี, ประเทศไทย
ปี พ.ศ. 2544  วศ.บ. (วิศวกรรมคอมพิวเตอร์), มหาวิทยาลัยเทคโนโลยีพระจอมเกล้าธนบุรี,
ประเทศไทย","2.1 ภาระงานสอนในปัจจุบัน
รายวิชาระดับปริญญาตรี
CPE  223 อิเล็กทรอนิกส์ดิจิทัลและการออกแบบวงจรเชิงตรรก   3 หน่วยกิต
(Digital Electronics and Logic Design)
CPE  315    สัญญาณและระบบเชิงเส้น      3 หน่วยกิต
(Signals and Linear Systems)
2.2 ภาระงานสอนในหลักสูตรนี้
รายวิชาระดับปริญญาตรี
CPE  222 อิเล็กทรอนิกส์ดิจิทัลและการออกแบบวงจรเชิงตรรก   3 หน่วยกิต
(Digital Electronics and Logic Design
CPE  313 สัญญาณและระบบเชิงเส้น      3 หน่วยกิต
(Signals and Linear Systems)","International Conference Proceedings
1. Tustanah Phukhachee & Suthathip Maneewongvatana & Boonserm
Kaewkamnerdpong & Boonserm Kaewkamnerdpong,  2019,  ""Analyzing Motivational
Components of Visual Cognitive Stimulus"",  Biomedical Engineering International
Conference,  19 - 22 November 2019.  Sunee Grand Hotel & Conven tion Center
Ubonratchathani.  pp. 1-5.
2. Tustanah Phukhachee & ธเนศ อังศุวัฒนากุล & เคจิ อิระมินะ & Suthathip
Maneewongvatana & Boonserm Kaewkamnerdpong & Boonserm Kaewkamnerdpong,
2017,  ""Measuring Brain Activation by Using Baseline -Normalized Event -Related
Spectral Perturbation in Working Memory Task"",  The 39th Annual International
Conference of the IEEE Engineering in Medicine and Biology Society (EMBC’ 17),  11 -
15 July 2017.  International Convention Center (ICC) Jeju Island.  pp. 4379-4382.
International Journal
1. Phukhachee, T., Maneewongvatana, S.C.,  Angsuwatanakul, T., Iramina, K.  and
Kaewkamnerdpong, B., 2019, “Investigating the Effect of Intrinsic Motivation on Alpha
Desynchronization Using Sample Entropy”, Entropy, Vol. 21, No. 3, March, pp. 237.(1-
15) https://doi.org/10.3390/e21030237"
ผศ.ดร. จุมพล พลวิชัย,"ปี ค.ศ. 2006  Ph.D. (Information Science), University of Pittsburgh, U.S.A.
ปี ค.ศ. 2001  M.S. (Electrical and Computer Engineering), Carnegie Mellon
University, U.S.A.
ปี พ.ศ. 2540  วศ.ม. (วิศวกรรมคอมพิวเตอร์), จุฬาลงกรณ์มหาวิทยาลัย, ประเทศไทย
ปี พ.ศ. 2534  วศ.บ. (วิศวกรรมคอมพิวเตอร์), สถาบันเทคโนโลยีพระจอมเกล้าธนบุรี,
ประเทศไทย","2.1 ภาระงานสอนในปัจจุบัน
รายวิชาระดับปริญญาตรี
CPE  100 การเขียนโปรแกรมคอมพิวเตอร์สำหรับวิศวกร   3 หน่วยกิต
(Computer Programming for Engineers)
CPE  101 เปิดโลกวิศวกรรมศาสตร์     3 หน่วยกิต
(Engineering Exploration)
CPE  371 ปัญญาประดิษฐ์      3 หน่วยกิต
(Artificial Intelligence)
CPE  376 การเขียนโปรแกรมหุ่นยนต์อัจฉริยะ    3 หน่วยกิต
(Intelligent Robot Programming)
CPE  377 การออกแบบหุ่นยนต์ในทางปฏิบัติ    3 หน่วยกิต
(Practical Robot Design)
รายวิชาระดับบัณฑิตศึกษา
รายวิชาระดับปริญญาโท
CPE  640 ปัญญาประดิษฐ์      3 หน่วยกิต
(Artificial Intelligence)
CPE  643 การประยุกต์การเรียนรู้ของเครื่อง    3 หน่วยกิต
(Applied Machine Learning)
2.2 ภาระงานสอนในหลักสูตรนี้
รายวิชาระดับปริญญาตรี
CPE  101 เปิดโลกวิศวกรรมศาสตร์     3 หน่วยกิต
(Engineering Exploration)
CPE  342 การเรียนรู้ของเครื่อง     3 หน่วยกิต
(Machine Learning)
CPE  365 การเขียนโปรแกรมหุ่นยนต์อัจฉริยะ    3 หน่วยกิต
(Intelligent Robot Programming)
CPE  366 การออกแบบหุ่นยนต์ในทางปฏิบัติ    3 หน่วยกิต
(Practical Robot Design)
CPE  457 ปัญญาประดิษฐ์      3 หน่วยกิต
(Artificial Intelligence)","International Conference Proceedings
1. Lamjiak, T., Keawthonggrach, R., Polvichai, J., Sirinaovakul, B., Ratanasanya, S. and
Chidthaisong, A., 2019 , “ Clustering of Leaf Characteristics in Secondary Dry
Dipterocarp Forest based on Particle Swarm Optimization”, The 4 thInternational
Conference on Digital Arts, Media and Technology and 2nd ECTI Northern Section
Conference on Electrical, Electronics,Computer and telecommunication Engineering,
January30 - February 2, Nan, Thailand, pp. 251-254.
2. Visavakitcharoen, A., Ratanasanya, S. and Polvichai, J., 2019 , “Improving Thai Herb
Image Classification using Convolution Neural Networks with Boots up Features”, The
34 th International Technical Conference on Circuits/Systems, Computers and
Communications (ITC-CSCC2019), June 23-26, Jeju, Korea, pp. 318-321."
ผศ.ดร. พร พันธุ์จงหาญ,"ปี ค.ศ. 2013  Ph.D. (Electrical and Computer Engineering), University of Manitoba,
Canada
ปี พ.ศ. 2550  วศ.ม. (วิศวกรรมคอมพิวเตอร์) มหาวิทยาลัยเทคโนโลยีพระจอมเกล้าธนบุรี,
ประเทศไทย
ปี พ.ศ. 2548  วศ.บ. (วิศวกรรมคอมพิวเตอร์) มหาวิทยาลัยเทคโนโลยีพระจอมเกล้าธนบุรี,
ประเทศไทย","2.1 ภาระงานสอนในปัจจุบัน
รายวิชาระดับปริญญาตรี
CPE  231 ระบบฐานข้อมูล      3 หน่วยกิต
(Database Systems)
CPE  327 วิศวกรรมซอฟต์แวร์      3 หน่วยกิต
(Software Engineering)
รายวิชาระดับบัณฑิตศึกษา
รายวิชาระดับปริญญาโท
CPE  611 ทฤษฎีแถวคอย      3 หน่วยกิต
(Queueing Theory)
CPE  621 การนำเสนอแผนภาพข้อมูล     1 หน่วยกิต
(Data Visualization)
2.2 ภาระงานสอนในหลักสูตรนี้
รายวิชาระดับปริญญาตรี
CPE   241 ระบบฐานข้อมูล      3 หน่วยกิต
(Database Systems)
CPE   334 วิศวกรรมซอฟต์แวร์     3 หน่วยกิต
(Software Engineering)","International Conference Proceedings
1. Li, Z., Kitcharoenpaisan, C., Phunchongharn, P., Yang, Y., Goh, R.S. M. and Li, Y., 2019,
""Efficient Multi -Party Computational Algorithm Design for real -world Applications"" ,
IEEE International Conference on Parallel and Distributed Systems (ICPADS) ,
December 4-6, Tianjin, China. pp.1006-1009.
2. Arsomngern, P., Numcharoenpinij, N., Piriyataravet, J.,  Teerapan, W., Hinthong, W. and
Phunchongharn, P., 2019,  “Computer-Aided Diagnosis for Lung Lesion in Componion
Animals from X -ray Images Using Deep Learning Techniques” , The 10th IEEE
International Conference on Awareness Science and Technology  (iCAST2019),
October 23-25, Aiina, Morioka, Japan. pp.1-6 DOI: 10.1109/ICAwST.2019.8923126
International Journals:
1. Pumma, S., Feng,  W., Phunchongharn, P., Chapeland, S. and Achalakul, T., 2017, “A
Runtime Estimation Framework for ALICE ”, Future Generation Computer Systems,
Vol. 72, pp. 65-77."
ผศ.ดร. ขจรพงษ์ อัครจิตสกุล,"ปี ค.ศ. 2012  Ph.D. (Electrical and Computer Engineering), University of Manitoba,
Canada.
ปี พ.ศ. 2550  วศ.ม. (วิศวกรรมคอมพิวเตอร์) มหาวิทยาลัยเทคโนโลยีพระจอมเกล้าธนบุรี,
ประเทศไทย
ปี พ.ศ. 2548  วศ.บ. (วิศวกรรมคอมพิวเตอร์) มหาวิทยาลัยเทคโนโลยีพระจอมเกล้าธนบุรี,
ประเทศไทย","2.1 ภาระงานสอนในปัจจุบัน
รายวิชาระดับปริญญาตรี
CPE  231 ระบบฐานข้อมูล      3 หน่วยกิต
(Database Systems)
CPE  327 วิศวกรรมซอฟต์แวร์      3 หน่วยกิต
(Software Engineering)
รายวิชาระดับบัณฑิตศึกษา
รายวิชาระดับปริญญาโท
CPE  612 ทฤษฎีเกม       3 หน่วยกิต
(Game Theory)
2.2 ภาระงานสอนในหลักสูตรนี้
รายวิชาระดับปริญญาตรี
CPE   241 ระบบฐานข้อมูล      3 หน่วยกิต
(Database Systems)
CPE   334 วิศวกรรมซอฟต์แวร์     3 หน่วยกิต
(Software Engineering)","International Conference Proceedings
1. Mulyadi, F. and Akkarajitsakul, K., 2019, “Load Balancing in Distributed Systejms: A
Non-Cooperative Game Approach”, Asian Conference on Engineering and Natural
Sciences (2019 ACENS), January 22-24, Hokkaido, Japan, pp.240-254.
2. Putjaika, N., Phunchongharn, P., Akkarajitsakul, K. and  Taetragool,  U., 2018, “Joint
Mode Selection and Resource Allocation for Relay -Assisted Device -to-Device
Networks”, 28th International Telecommunication Networks and Applications
Conference (ITNAC), Sydney, Australia. pp.1-6. DOI: 10.1109/ATNAC.2018.8615378
International Journals
1. Jenviriyakul, P., Chalumporn, G., Achalakul, T., Costa, F. and Akkarajitsakul, K., 2019,
“ALICE Connex: A volunteer computing platform for the Time -Of-Flight
calibration of the ALICE experiment. An opportunistic use of CPU cycles on
Android devices”, Elsevier, Vol. 94, May 2019, pp. 510-523."
ผศ. สนั่น สระแก้ว,"ปี ค.ศ. 1993  M.S. (Computer Science), George Washington University, U.S.A.
ปี พ.ศ. 2529  วศ.บ. (วิศวกรรมไฟฟ้า), สถาบันเทคโนโลยีพระจอมเกล้าธนบุรี, ประเทศไทย","2.1 ภาระงานสอนในปัจจุบัน
รายวิชาระดับปริญญาตรี
CPE  121 คณิตศาสตร์ดิสครีตสำหรับวิศวกรคอมพิวเตอร์   3 หน่วยกิต
(Discrete Mathematics for Computer Engineers)
CPE  122 พื้นฐานวงจรไฟฟ้าและอิเล็กทรอนิกส์    3 หน่วยกิต
(Basic Circuits and Electronics)
CPE  223 อิเล็กทรอนิกส์ดิจิทัลและการออกแบบวงจรเชิงตรรก  3 หน่วยกิต
(Digital Electronics and Logic Design)
CPE  328 ระบบสมองกลฝังตัว      3 หน่วยกิต
(Embedded Systems)
2.2 ภาระงานสอนในหลักสูตรนี้
รายวิชาระดับปริญญาตรี
CPE  111 คณิตศาสตร์ดิสครีตสำหรับวิศวกรคอมพิวเตอร์   3 หน่วยกิต
(Discrete Mathematics for Computer Engineers)
CPE  121 พื้นฐานวงจรไฟฟ้าและอิเล็กทรอนิกส์    3 หน่วยกิต
(Basic Circuits and Electronics)
CPE  222 อิเล็กทรอนิกส์ดิจิทัลและการออกแบบวงจรเชิงตรรก  3 หน่วยกิต
(Digital Electronics and Logic Design)
CPE  223 สถาปัตยกรรมคอมพิวเตอร์     3 หน่วยกิต
(Computer Architectures)
CPE  324 ระบบสมองกลฝังตัว      3 หน่วยกิต
(Embedded Systems)","International Conference Proceedings
1. Pramoun, T., Srakaew, S. and Amornraksa, T., 2019, ""Image Watermarking based on
Modified Harmonic Mean Filter "", Asia Digital Image Processing Conference (ADIP
2019), December 21-23, Kobe, Japan, pp. 97-103."
ผศ. พิพัฒน์ ศุภศิริสันต์,"ปี พ.ศ. 2528  วศ.บ. (วิศวกรรมไฟฟ้า), สถาบันเทคโนโลยีพระจอมเกล้าธนบุรี, ประเทศไทย","2.1 ภาระงานสอนในปัจจุบัน
รายวิชาระดับปริญญาตรี
CPE  100 การเขียนโปรแกรมคอมพิวเตอร์สำหรับวิศวกร   3 หน่วยกิต
(Computer Programming for Engineers)
CPE  111 การเขียนโปรแกรมด้วยโครงสร้างข้อมูล   3 หน่วยกิต
(Programming with Data Structures)
2.2 ภาระงานสอนในหลักสูตรนี้
รายวิชาระดับปริญญาตรี
CPE   100 การเขียนโปรแกรมคอมพิวเตอร์สำหรับวิศวกร  3 หน่วยกิต
(Computer Programming for Engineers)
CPE   112 การเขียนโปรแกรมด้วยโครงสร้างข้อมูล   3 หน่วยกิต
(Programming with Data Structures)","International Conference Proceedings
1. Chotikawanid, P., Pramoun, T., Thongkor, K., Supasirisun, P. and Amornraksa, T., 2018,
""Image Watermarking Using Adaptive Local Noise Reduction Filter"", Proc. of ECTI-CON
2018, July 18-21, Chiang Rai, Thailand, pp. 816-819.
2. Pramoun, T., Supasirisun, P.  and Amornraksa, T., 2018, ""Digital Watermarking on
Recolored Images for Protanopia "", Proc. of ECTI-CON 2018, July 18 -21, Chiang Rai,
Thailand, pp. 258-261.
3. Chotikawanid, P., Pramoun, T., Supasirisun, P.  and  Amornraksa, T., 2018, ""Image
Watermarking Against Vintage and Retro Photo Effects "", Proc. of the 14th
International Conference on Computing and Information Technology (IC2IT
2018), July 5-6, Chiang Mai, Thailand."
ผศ. สุรพนธ์ ตุ้มนาค,"ปี พ.ศ. 2529  วศ.บ. (วิศวกรรมไฟฟ้า), สถาบันเทคโนโลยีพระจอมเกล้าธนบุรี, ประเทศไทย","2.1 ภาระงานสอนในปัจจุบัน
รายวิชาระดับปริญญาตรี
CPE  101 เปิดโลกวิศวกรรมศาสตร์     3 หน่วยกิต
(Engineering Exploration)
CPE  122 พื้นฐานวงจรไฟฟ้าและอิเล็กทรอนิกส์    3 หน่วยกิต
(Basic Circuits and Electronics)
CPE  223 อิเล็กทรอนิกส์ดิจิทัลและการออกแบบวงจรเชิงตรรก  3 หน่วยกิต
(Digital Electronics and Logic Design)
CPE  328 ระบบสมองกลฝังตัว      3 หน่วยกิต
(Embedded Systems)
2.2 ภาระงานสอนในหลักสูตรนี้
รายวิชาระดับปริญญาตรี
CPE  101 เปิดโลกวิศวกรรมศาสตร์     3 หน่วยกิต
(Engineering Exploration)
CPE  121 พื้นฐานวงจรไฟฟ้าและอิเล็กทรอนิกส์    3 หน่วยกิต
(Basic Circuits and Electronics)
CPE  222 อิเล็กทรอนิกส์ดิจิทัลและการออกแบบวงจรเชิงตรรก  3 หน่วยกิต
(Digital Electronics and Logic Design)
CPE  324 ระบบสมองกลฝังตัว     3 หน่วยกิต
(Embedded Systems)","International Conference Proceedings
1. Ula, K.M.S., Pramoun, T., Toomnark , S. and Amornraksa, T., 2018, ""Digital Image
Watermarking Based on Fuzzy Image Filter"", Proc. of the 14th International Conference
on Computing and Information Technology (IC2IT 2018), July 5 -6, Chiang Mai,
Thailand, pp. 156-166."
ผศ.ดร. ปริยกร ปุสวิโร,"ปี ค.ศ. 2011  Dr.Ing. (Computer Engineering), University of Bremen, Germany
ปี พ.ศ. 2538  วท.ม. (วิทยาการคอมพิวเตอร์), จุฬาลงกรณ์มหาวิทยาลัย, ประเทศไทย
ปี พ.ศ. 2534  สต.บ. (การประมวลผลข้อมูลด้วยระบบอิเล็กทรอนิกส์), จุฬาลงกรณ์มหาวิทยาลัย,
ประเทศไทย","2.1 ภาระงานสอนในปัจจุบัน
รายวิชาระดับปริญญาตรี
CPE  101 เปิดโลกวิศวกรรมศาสตร์      3 หน่วยกิต
(Engineering Exploration)
CPE  375 การประมวลผลแบบปฏิสัมพันธ์และการประยุกต์ในศาสตร์และศิลป์  3 หน่วยกิต
(Interactive Computing and Its Applications in Art and Sciences)
2.2 ภาระงานสอนในหลักสูตรนี้
รายวิชาระดับปริญญาตรี
CPE  101 เปิดโลกวิศวกรรมศาสตร์      3 หน่วยกิต
(Engineering Exploration)
CPE  364 การประมวลผลแบบปฏิสัมพันธ์และการประยุกต์ในศาสตร์และศิลป์ 3 หน่วยกิต
(Interactive Computing and Its Applications in Art and Sciences)","International Conference Proceedings
1. Mokdara, T., Pusawiro, P. and Harnsomburana , J., 2018, “Personalized Food
Recommendation Using Deep Neural Network ”, The 2018 Seventh ICT International
Student Project Conference (ICT -ISPC2018), July 11 -13, Mahidol University, Nakhon
Pathom, Thailand, pp. 137-140."
อ.ดร. จาตุรนต์ หาญสมบูรณ์,"ปี ค.ศ. 2011  Ph.D. (Computer Science), University of Missouri – Columbia, U.S.A.
ปี ค.ศ. 2001  M.S. (Computer Science), University of Missouri - Columbia, U.S.A.
ปี พ.ศ. 2538  วท.ม. (วิทยาการคอมพิวเตอร์), จุฬาลงกรณ์มหาวิทยาลัย, ประเทศไทย
ปี พ.ศ. 2534  วศ.บ. (วิศวกรรมคอมพิวเตอร์), จุฬาลงกรณ์มหาวิทยาลัย, ประเทศไทย","2.1 ภาระงานสอนในปัจจุบัน
รายวิชาระดับปริญญาตรี
CPE  100 การเขียนโปรแกรมคอมพิวเตอร์สำหรับวิศวกร   3 หน่วยกิต
(Computer Programming for Engineers)
CPE  326 ระบบปฏิบัติการ      3 หน่วยกิต
(Operating Systems)
CPE  342 ภาษาโปรแกรมจาวา     3 หน่วยกิต
(Java Programming Language)
CPE  465 การค้นคืนสารสนเทศสื่อประสม    3 หน่วยกิต
(Multimedia Information Retrieval)
รายวิชาระดับบัณฑิตศึกษา
รายวิชาระดับปริญญาโท
CPE  651 การค้นคืนสารสนเทศสื่อประสม    3 หน่วยกิต
(Multimedia Information Retrieval)
2.2 ภาระงานสอนในหลักสูตรนี้
รายวิชาระดับปริญญาตรี
CPE  223 สถาปัตยกรรมคอมพิวเตอร์    3 หน่วยกิต
(Computer Architectures)
CPE  333 ระบบปฏิบัติการ      3 หน่วยกิต
(Operating Systems)
CPE  361 การโปรแกรมภาษาจาวา     3 หน่วยกิต
(Java Programming)
CPE  362 การวิเคราะห์และออกแบบเชิงอ็อบเจ็กต์   3 หน่วยกิต
(Object Oriented Analysis and Design)
CPE  367 การค้นคืนสารสนเทศสื่อประสม    3 หน่วยกิต
(Multimedia Information Retrieval)","International Conference Proceedings
1. Mokdara, T., Pusawiro, P. and Harnsomburana, J., “Personalized Food
Recommendation Using Deep Neural Network ”, The 2018 Seventh ICT International
Student Project Conference (ICT -ISPC2018), July 11 -13, Mahidol University, Nakhon
Pathom, Thailand, pp. 137-140.
2. Ratanasanya, S., Nilanan, K., Yongjittigorngul, K., Harnsomburana, J., Sirinaovak ul, B.
and Polvichai, J., 2018, “Adaptive Non -Linear AI for Game Using Q -Learning”,
International Conference on Mechanical, Electrical and Medical Intelligent System
2018 (ICMEMIS 2018), November 4-6, Kiryu, Japan, pp. 1-6."
อ.ดร. อัญชลิสา แต้ตระกูล,"ปี พ.ศ. 2561  ปร.ด. (วิศวกรรมไฟฟ้าและคอมพิวเตอร์) มหาวิทยาลัยเทคโนโลยีพระจอมเกล้า
ธนบุรี, ประเทศไทย
ปี ค.ศ. 2018  Ph.D. (Engineering Mechanics), Virginia Polytechnic Institute and State
University, U.S.A.
ปี พ.ศ. 2552  วศ.ม. (วิศวกรรมคอมพิวเตอร์) มหาวิทยาลัยเทคโนโลยีพระจอมเกล้าธนบุรี,
ประเทศไทย
ปี พ.ศ. 2550  วศ.บ. (วิศวกรรมคอมพิวเตอร์) มหาวิทยาลัยเทคโนโลยีพระจอมเกล้าธนบุรี,
ประเทศไทย","2.1 ภาระงานสอนในปัจจุบัน
รายวิชาระดับปริญญาตรี
CPE  102 พื้นฐานการเขียนโปรแกรมคอมพิวเตอร์    3 หน่วยกิต
(Computer Programming Basics)
CPE  329 ธุรกิจอัจฉริยะ       3 หน่วยกิต
(Business Intelligence)
รายวิชาระดับบัณฑิตศึกษา
CPE  602 สัมมนาวิศวกรรมคอมพิวเตอร์     1 หน่วยกิต
(Computer Engineering Seminar)
CPE  663 การจำลองและแบบจำลองสถานการณ์สำหรับวิทยาศาสตร์เชิงคำนวณ 3 หน่วยกิต
(Modeling and Simulation for Computational Science)
2.2 ภาระงานสอนในหลักสูตรนี้
รายวิชาระดับปริญญาตรี
CPE  354 การจำลองและแบบจำลองสถานการณ์สำหรับวิทยาศาสตร์เชิงคำนวณ 3 หน่วยกิต
(Modeling and Simulation for Computational Science)
CPE  355 การโปรแกรมและคำนวณเชิงควอนตัม    3 หน่วยกิต
(Quantum Programming and Computing)","International Conference Proceedings
1) Putjaika, N., Phunchongharn, P., Akkarajitsakul, K. and Taetragool, U., 2018, ""Joint Mode
Selection and Resource Allocation for Relay -Assisted Device -to-Device Networks "",
Proceedings of 2018 28th IEEE International Telecommunication Networks and
Applications Conference (ITNAC), November 21-23, Sydney, Australia, pp. 1-6.
2) Pornsawangdee, K. and Taetragool, U., 2019, “Pattern Recognition of Effective Online
Classified Advertising”, Proceedings of IEEE International Conference on Knowledge
Innovation and Invention 2019 (IEEE ICKII 2019), 13 -16 July, Seoul, South Korea, pp. 429 -
432."
อ.ดร. คริษฐา แจ้งสามสี,"ปี พ.ศ. 2561  ปร.ด. (วิศวกรรมไฟฟ้าและคอมพิวเตอร์) มหาวิทยาลัยเทคโนโลยีพระจอมเกล้า
ธนบุรี, ประเทศไทย
ปี พ.ศ. 2555  วศ.ม. (วิศวกรรมคอมพิวเตอร์) มหาวิทยาลัยเทคโนโลยีพระจอมเกล้าธนบุรี,
ประเทศไทย
ปี พ.ศ. 2552  วศ.บ. (วิศวกรรมอิเล็กทรอนิกส์และโทรคมนาคม), มหาวิทยาลัยเทคโนโลยี
พระจอมเกล้าธนบุรี, ประเทศไทย","2.1 ภาระงานสอนในปัจจุบัน
รายวิชาระดับปริญญาตรี
CPE  100 การเขียนโปรแกรมคอมพิวเตอร์สำหรับวิศวกร   3 หน่วยกิต
(Computer Programming for Engineers)
CPE  121 คณิตศาสตร์ดิสครีตสำหรับวิศวกรคอมพิวเตอร์   3 หน่วยกิต
(Discrete Mathematics for Computer Engineers)
CPE  122 พื้นฐานวงจรไฟฟ้าและอิเล็กทรอนิกส์    3 หน่วยกิต
(Basic Circuits and Electronics)
CPE  223 อิเล็กทรอนิกส์ดิจิทัลและการออกแบบวงจรเชิงตรรก  3 หน่วยกิต
(Digital Electronics and Logic Design)
รายวิชาระดับบัณฑิตศึกษา
CPE  663 การประมวลผลและวิเคราะห์ภาพดิจิทัล   3 หน่วยกิต
(Special Topic III: Digital Image Processing and Analysis)
2.2 ภาระงานสอนในหลักสูตรนี้
รายวิชาระดับปริญญาตรี
CPE  100 การเขียนโปรแกรมคอมพิวเตอร์สำหรับวิศวกร   3 หน่วยกิต
(Computer Programming for Engineers)
CPE  111 คณิตศาสตร์ดิสครีตสำหรับวิศวกรคอมพิวเตอร์   3 หน่วยกิต
(Discrete Mathematics for Computer Engineers)
CPE  121 พื้นฐานวงจรไฟฟ้าและอิเล็กทรอนิกส์    3 หน่วยกิต
(Basic Circuits and Electronics)
CPE  222 อิเล็กทรอนิกส์ดิจิทัลและการออกแบบวงจรเชิงตรรก  3 หน่วยกิต
(Digital Electronics and Logic Design)
CPE  313 สัญญาณและระบบเชิงเส้น     3 หน่วยกิต
(Signals and Linear Systems)","International Conference Proceedings
1. Rakotondrajao, F. and Jangsamsi, K., 2019, ""Road Boundary Detection for Straight and
Curved Lane Lines "", Asia Digital Image Processing Conference (ADIP 2019) ,
December 21-23, Kobe, Japan, pp. 59-63.
2. Rakotondrajao, F. and Jangsamsi, K., 2019, ""Road Boundary Detection for Straight Lane
Lines Using Automatic Inverse Perspective Mapping "", ISPACS 2019, December 3 -6,
Beitou, Taipei, Taiwan. pp.1-2. DOI: 10.1109/ISPACS48206.2019.8986330
3. Chotikawanida, P., Pramoun, T., Thongkor, K., Supasirisun, P. and Amornraksa, T., 2018,
""Image   Watermarking   Using   Adaptive   Local Noise  Reduction Filter "", Proc. of
ECTI-CON 2018 , July 18 – 21, Chiang Rai, Thailand . pp.154-157 DOI:
10.1109/ECTICon.2018.8619993
ภาคผนวก จ.   คำสั่งแต่งตั้งคณะกรรมการปรับปรุงหลักสูตร
ภาคผนวก ฉ. ระเบียบมหาวิทยาลัยเทคโนโลยีพระจอมเกล้าธนบุรี ว่าด้วยการศึกษาระดับปริญญาตรี
ภาคผนวก ช. บทสรุปผู้บริหาร
ชื่อหลักสูตร: หลักสูตรวิศวกรรมศาสตรบัณฑิต สาขาวิชาวิศวกรรมคอมพิวเตอร์ คณะวิศวกรรมศาสตร์
รอบการปรับปรุง:  ภาคการศึกษาที่เริ่มใช้: 1/2564
หัวข้อที่ 1 ที่มาของการปรับปรุงหลักสูตร
1.1)  บทวิเคราะห์สภาพแวดล้อมที่มีผลต่อการเปิดหรือการปรับปรุงหลักสูตร
สถานการณ์หรือการพัฒนาทางเศรษฐกิจ ที่จำเป็นต้องนำมาพิจารณาในการพัฒนาหลักสูตรขึ้นอยู่กับ
แผนพัฒนาเศรษฐกิจและสังคมแห่งชาติฉบับที่ 12 (พ.ศ. 2560 – 2564) ที่มีแนวทางการพัฒนาด้านเศรษฐกิจ
สังคม การดูแลสิ่งแวดล้อม สู่เป้าหมาย ""ความมั่นคง มั่งคั่ง และยั่งยืน"" ผลักดันให้ประเทศพ้นจากกับดัก
ประเทศ รายได้ปานกลาง จึงจำเป็นต้องพัฒนาหลักสูตรที่มุ่งเน้นการพัฒนาศักยภาพผู้เรียนให้สามารถแข่งขัน
ได้ทัดเทียมกับประเทศอื่น ๆ โดยเฉพาะทักษะด้านการวิเคราะห์ข้อมูล  และภาษา และพัฒนาหลักสูตรให้มี
ความยืดหยุ่นสอดคล้อง กับการเปลี่ยนแปลงของเทคโนโลยี โดยเฉพาะอย่างยิ่งเทคโนโลยีด้าน
ปัญญาประดิษฐ์ การเรียนรู้ของเครื่อง และการเรียนรู้เชิงลึก ซึ่งจะเข้ามาปฏิวัติอุตสาหกรรมและ
ตลาดแรงงานให้เหลือเฉพาะแรงงานที่มีความรู้ทักษะฝีมือซึ่งไม่สา มารถทดแทนด้วยเครื่องจักรได้ ภาควิชาฯ
ได้ตระหนักถึงการพัฒนาหลักสูตรในเชิงรุก ที่มีศักยภาพและสามารถปรับเปลี่ยนได้ตามวิวัฒนาการของ
วิศวกรรมคอมพิวเตอร์ และรองรับการแข่งขันทาง ธุรกิจคอมพิวเตอร์ทั้งในประเทศไทยและต่างประเทศ โดย
การผลิตบุคลากรทางวิศวกรรมคอมพิวเตอร์ จำ เป็นต้องมีความพร้อมในด้านความรู้และทักษะตรงกับความ
ต้องการตลาดแรงงานพร้อมจะปฏิบัติงานได้ทันที และมีศักยภาพสูงในการพัฒนาตนเองให้เข้ากับลักษณะ
งานทั้งด้านวิชาการและวิชาชีพ
ข้อมูลจากผู้มีส่วนได้ส่วนเสียมีส่วนสำคัญในการปรับปรุงหลักสูตร  ในแง่ของความต้องการด้านทั กษะที่พึง
ประสงค์ของบัณฑิต เนื้อหาความรู้และทักษะเชิงเทคนิคที่เป็นที่ต้องการของตลาดแรงงาน ความพึงพอใจต่อ
การจัดการเรียนการสอน และแนวโน้มของเทคโนโลยี  โดยหลักสูตรได้ดำเนินการสำรวจความต้องการของผู้มี
ส่วนได้ส่วนเสีย โดยข้อมูลความต้องการของผู้ประกอบการได้จากการสั มภาษณ์ผู้ดูแลนักศึกษาในการตรวจ
ฝึกงานทั้งสิ้น 38 ราย ระหว่างการตรวจฝีกงานภาคการศึกษาฤดูร้อนปีการศึกษา 2561 ข้อมูลความต้องการ
ของศิษย์เก่าได้จากแบบสอบถามออนไลน์ช่วงเดือนมกราคม 2563 โดยมีผู้ตอบแบบสอบถามทั้งสิ้น 174 คน
ข้อมูลความต้องการศิษย์ปัจจุบันได้จากรายงา นการประชุมนักศึกษาประจำเดือน แบบสอบถามนักศึกษาปีที่
4 ในช่วงปัจฉิมนิเทศ และข้อมูลความต้องการของบุคลากรในภาควิชาได้จากการประชุมสัมมนาภาควิชา
ประจำปี โดยประเด็นหลักๆ ที่ได้ข้อมูลมาใช้ในการปรับปรุงหลักสูตร  คือ ความรู้และทักษะจากรายวิชาที่
นักศึกษาใช้ในงานที่ทำห รือเคยทำ ความรู้และทักษะ รวมถึง soft skills ที่ผู้ประกอบการต้องการจาก
นักศึกษา  ความเพียงพอของเนื้อหาและทักษะที่นักศึกษาสามารถนำไปใช้ได้ในการทำงานหลังจบการศึกษา
โดยย่อดังนี้คือ
 73.6% ของศิษย์เก่ามีความพึงพอใจในภาพรวมของความรู้และทักษะที่ได้รับไปจากภาควิชาในการ
ทำงาน
 เนื้อหาในรายวิชาที่ใช้เป็นที่ต้องการในการทำงาน คือ ระบบฐานข้อมูล วิศวกรรมซอฟต์แวร์
ปัญญาประดิษฐ์และการเรียนรู้ของเครื่อง การวิเคราะห์ข้อมูล เครือข่ายคอมพิวเตอร์ การโปรแกรม
ภาษาซี การพัฒนาเว็บแอพพลิเคชั่น
 ช่วงระยะเวลาฝึกงานควรมากกว่า 2 เดือน
 ควรเพิ่มความหลากหลายและความทันสมัยของเนื้อหาในรายวิชา
 ผู้ประกอบการให้ความเห็นเกี่ยวกับทักษะที่บัณฑิตควรมีคือ การสื่อสารกับลูกค้า การสื่อสารกับ
ผู้ร่วมงาน และการนำเสนองาน
1.2) สาระสำคัญของการเสนอปรับปรุงหลักสูตร พร้อมแสดงเหตุผล
 ปรับ PLOs ให้กระชับและสอดคล้องกับเป้าหมายของมหาวิทยาลัยมากขึ้น
 เพิ่มวิชาการศึกษาเชิงบูรณาการร่วมกับการทำงานเป็นทางเลือกสำหรับนักศึกษาชั้นปี 4 นอกเหนือจาก
วิชาโครงงานตามผลสำรวจความคิดเห็นของศิษย์เก่าที่ต้องการให้นักศึกษาได้รับประโยชน์จากการออกไป
ฝึกงานกับอุตสาหกรรมมากขึ้น
 ปรับวิชาแกนทางคณิตศาสตร์ให้สอดคล้องกับวิชาในชั้นปีที่สูงขึ้น
 เพิ่มวิชาบังคับด้านการวิเคราะห์ข้อมูลตามผลสำรวจความคิดเห็นของศิษย์เก่า ผู้ประกอบการ และ
แนวโน้มเทคโนโลยี
 เพิ่มรายวิชาเลือกที่ทันสมัยในด้านศาสตร์การประมวลผลให้สอดคล้องกับแนวโน้มเทคโนโลยี
 เพิ่มจำนวนหน่วยกิตรวมจาก 127  หน่วยกิตเป็น 130 หน่วยกิต จากวิชาเลือกในหมวดวิชาเฉพาะให้
นักศึกษาได้มีองค์ความรู้และทักษะที่หลากหลายหรือเพิ่มความชำนาญในแนววิชาที่มีความสนใจมากขึ้น
 ปรับแผนการศึกษาโดยกระจายจำนวนหน่วยกิตในสมดุลกันในแต่ละภาคการศึกษามากขึ้นเพื่อไม่ให้
นักศึกษามีภาระงานมากเกินไปในบางภาคการศึกษา
หัวข้อที่ 2 ข้อมูลเฉพาะของหลักสูตร
2.1 ปรัชญา ความสำคัญ วัตถุประสงค์ของหลักสูตร
ปรัชญาของหลักสูตร
ผลิตวิศวกรคอมพิวเตอร์ที่สามารถใช้ความรู้และทักษะในการคิดวิเคราะห์ ออกแบบ วางแผน และลงมือทำให้
เกิดผลสำเร็จในบริบทการทำงานที่หลากหลาย มีศักยภาพในการปรับตัวและเรียนรู้เพื่อพัฒนาตนเองอย่าง
ต่อเนื่อง โดยใช้การเรียนการสอนแบบการเรียนรู้เชิงรุก (active learning) แบบต่าง ๆ และแบบเน้นผลลัพธ์
(outcome-based education)
ความสำคัญของหลักสูตร
วิศวกรคอมพิวเตอร์มีบทบาทโดยตรงต่อการออกแบบ พัฒนา ติดตั้ง บำรุงรักษา  และแก้ไขปัญหาระบบ
คอมพิวเตอร์และอุปกรณ์ประมวลผล ทั้งฮาร์ดแวร์ ซอฟต์แวร์และโครงข่าย อันเป็นรากฐานสำคัญของระบบ
เทคโนโลยีสารสนเทศและการสื่อสาร รวมถึงการวิเคราะห์ข้อมูลด้วยวิธีการและเครื่องมือที่เหมาะสมเพื่อ
แก้ปัญหาเชิงวิศวกรรมและเชิงธุรกิจ
วัตถุประสงค์ของหลักสูตร
จากวิสัยทัศน์ของมหาวิทยาลัย คณะวิศวกรรมศาสตร์ ตลอดจนความต้องการของผู้มีส่วนได้ส่วนเสียกลุ่มต่าง
ๆ ซึ่งประกอบด้วย ผู้ประกอบการทั้งภาครัฐและเอกชน ศิษย์เก่า ศิษย์ปัจจุบัน บุคลากรของภาควิชา และ
ผู้บริหารของมหาวิทยาลัย นำไปสู่การกำหนดวัตถุประสงค์ของหลักสูตรดังนี้
 ผลิตบัณฑิตวิศวกรรมคอมพิวเตอร์ให้สามารถประยุกต์ใช้ความรู้และมีทักษะด้านฮาร์ดแวร์ ซอฟต์แวร์
และโครงข่ายคอมพิวเตอร์ ในการประกอบวิชาชีพด้านวิศวกรรมคอมพิวเตอร์
 ผลิตบัณฑิตวิศวกรรมคอมพิวเตอร์ให้มีทักษะ 5 ด้าน ได้แก่ การปฏิบัติเชิงวิชาชีพ การคิดอย่างเป็นระบบ
การเรียนรู้ การสื่อสาร และ การจัดการ
 เพื่อปลูกฝังนักศึกษาให้ทำงานอย่างเป็นมืออาชีพ มีความพร้อมในการออกไปทำงานในสถานประกอบการ
2.2 คุณลักษณะบัณฑิตที่พึงประสงค์หรือคุณลักษณะพิเศษของบัณฑิตของหลักสูตร
1) ตระหนักในคุณธรรมและจริยธรรม
2) มีทักษะทางสังคม และเป็นนักปฏิบัติ สามารถประยุกต์ใช้ความรู้ได้อย่างเหมาะสมในการประกอบวิชาชีพ
และศึกษาต่อในระดับสูง
3) สามารถเรียนรู้ด้วยตนเอง และเรียนรู้ตลอดชีวิต
4) มีความคิดสร้างสรรค์ คิดเป็น ทำเป็น และเลือกวิธีการแก้ปัญหาได้อย่างเป็นระบบและเหมาะสม
5) มีทักษะการทำงานกลุ่ม และการบริหารจัดการ
6) มีทักษะทางภาษาที่ดี สามารถนำเสนอผลงานได้ทั้งแบบโปสเตอร์ และรายงานหน้าชั้นเรียน
7) สามารถวิเคราะห์ ออกแบบ พัฒนา ติดตั้ง และปรับปรุงระบบให้ตรงตามข้อกำหนด
2.3 ผลลัพธ์การเรียนรู้ที่คาดหวังของหลักสูตร
PLO 1: สามารถใช้หลักการและความรู้ทางวิทยาศาสตร์ คณิตศาสตร์ และวิศวกรรมศาสตร์ ในการวิเคราะห์และออกแบบ
เพื่อแก้ปัญหาทางวิศวกรรมคอมพิวเตอร์ได้
Sub PLO 1A: ใช้วิธีการทางวิทยาศาสตร์และคณิตศาสตร์ ในการแก้ปัญหาเชิงวิศวกรรมได้
Sub PLO 1B: วิเคราะห์ และออกแบบ การประมวลผลสัญญาณ ส่วนประกอบและฮาร์ดแวร์ระบบคอมพิวเตอร์ได้
Sub PLO 1C: วิเคราะห์ และออกแบบ ซอฟต์แวร์ ขั้นตอนวิธีการคำนวณและแก้ปัญหา ที่ใช้ในระบบคอมพิวเตอร์
ได้
PLO 2: สามารถใช้ความรู้ ทักษะ เทคโนโลยี และเครื่องมือทางวิศวกรรมในการสร้างและประเมินผลงาน เพื่อแก้ปัญหาทาง
วิศวกรรมคอมพิวเตอร์ได้
Sub PLO 2A: พัฒนาส่วนประกอบและฮาร์ดแวร์ระบบคอมพิวเตอร์ได้
Sub PLO 2B: พัฒนาเครื่องมือทางซอฟต์แวร์ โปรแกรมประยุกต์ และฐานข้อมูลบนแพลทฟอร์มที่หลากหลายได้
Sub PLO 2C: ออกแบบ ติดตั้ง ปรับแต่ง และบริหารจัดการเครื่องแม่ข่ายและอุปกรณ์ในระบบคอมพิวเตอร์และ
เครือข่ายได้
Sub PLO 2D: พัฒนาแบบจำลองข้อมูลด้วยวิธีการเรียนรู้ของเครื่องหรือวิธีการทางคณิตศาสตร์ที่เหมาะสมเพื่อ
แก้ปัญหาได้
PLO 3: สามารถเรียนรู้และพัฒนาทักษะทางวิศวกรรมคอมพิวเตอร์ด้วยตนเองเพื่อนำมาใช้ประกอบการตัดสินใจและการ
แก้ปัญหาทางวิศวกรรมคอมพิวเตอร์ได้
Sub PLO 3A: ค้นคว้า รวบรวม วิเคราะห์ กลั่นกรอง และสรุปข้อมูล เพื่อนำมาใช้ในการแก้ปัญหาได้
Sub PLO 3B: พัฒนาทักษะการใช้เครื่องมือและเทคโนโลยีที่เหมาะสมในการแก้ปัญหาได้
PLO 4: สามารถสื่อสารผลงาน องค์ความรู้และความเข้าใจเชิงเทคนิคและเชิงทั่วไปได้
Sub PLO 4A: เขียนเพื่อสื่อสารข้อมูลอย่างมีประสิทธิภาพตามพื้นฐานของผู้อ่าน
Sub PLO 4B: พูดเพื่อสื่อสารข้อมูล และนำเสนอพร้อมสื่อประกอบอย่างมีประสิทธิภาพตามพื้นฐานของผู้ฟัง
PLO 5: สามารถปฏิบัติงานอย่างมืออาชีพ มีความพร้อมในการทำงานในสถานประกอบการ
Sub PLO 5A: ตระหนักถึงจริยธรรมในการทำงาน และกฎหมายที่เกี่ยวข้องกับงานทางวิศวกรรมคอมพิวเตอร์
Sub PLO 5B: ตั้งเป้าหมาย คิดและออกแบบการแก้ปัญหา วางแผนงาน จัดการ ให้งานบรรลุตามเป้าหมาย
Sub PLO 5C: รับผิดชอบงานของตนเอง และทำงานตามบทบาทและหน้าที่ในการทำงานร่วมกับผู้อื่น
ผลลัพธ์การเรียนรู้ของหลักสูตรสอดคล้องกับ KMUTT Student QF ดังแสดงในรูปที่ 1.1
รูปที่ 1.1. ความสอดคล้องของผลการเรียนรู้ระดับหลักสูตรกับ KMUTT Student QF
2.4 หลักสูตรที่นำมาเปรียบเทียบมาตรฐาน (Benchmark) ที่เปิดสอนในประเทศหรือต่างประเทศ
หลักสูตรที่นำมาเปรียบเทียบเป็นหลักสูตร วศ.บ. สาขาวิชาวิศวกรรมคอมพิวเตอร์ของมหาวิทยาลัยชั้นนำของ
รัฐ 4 แห่งตามข้อมูลที่เผยแพร่ในเว็บไซต์ เมื่อเปรียบเทียบหลักสูตรปรับปรุงนี้กับหลักสูตรทั้งสาม พบว่ามี
ความคล้ายคลึงในแง่ของรายวิชาพื้นฐานและวิชาเฉพาะสาขาในชั้นปีที่ 1, 2 และ 3 แต่มีความแตกต่างกันใน
แง่อื่นๆ ดังนี้
 วศ.บ. สาขาวิชาวิศวกรรมคอมพิวเตอร์ หลักสูตรปรับปรุง พ.ศ. 256 1 จุฬาลงกรณ์มหาวิทยาลัย
(140 หน่วยกิต)
- ใช้ผลลัพธ์การเรียนรู้ของหลักสูตรตาม ABET
- วิชาบรรยายและวิชาปฏิบัติการแยกออกจากกัน ทั้งในวิชาพื้นฐานและวิชาแกน
- มีรายวิชาบังคับและวิชาเลือกด้านฮาร์ดแวร์มากกว่า
 วศ.บ. สาขาวิชาวิศวกรรมคอมพิวเตอร์ หลักสูตรปรับปรุ ง พ.ศ. 256 0 มหาวิทยาลัยเกษตรศาสตร์
(147 หน่วยกิต)
- ไม่พบการกำหนดผลลัพธ์การเรียนรู้ในระดับหลักสูตร
- วิชาบรรยายและวิชาปฏิบัติการแยกออกจากกัน ทั้งในวิชาพื้นฐานและวิชาแกน
- มีจำนวนวิชาบังคับด้านเครือข่ายและความมั่นคงปลอดภัยมากกว่า
- มีวิชาเลือกด้านฮาร์ดแวร์และกฎหมายสารสนเทศมากกว่า
 วศ.บ. สาขาวิชาวิศวกรรมคอมพิวเตอร์ หลักสูตรปรับปรุง พ.ศ. 2 561 สถาบันเทคโนโลยีพระจอม
เกล้าเจ้คุณทหารลาดกระบัง (134 หน่วยกิต)
- ไม่พบการกำหนดผลลัพธ์การเรียนรู้ในระดับหลักสูตร
- มีการควบรวมการบรรยายและปฏิบัติในวิชาเดียวกันเป็น 4 หน่วยกิต ทั้งวิชาบังคับและวิชาเลือก
ส่วนใหญ่
- ไม่มีวิชาฝึกงานภาคฤดูร้อนในช่วงปีที่ 3 แต่มีทางเลือกเป็นสหกิจศึกษาใน ปี 4 เทอม 1 ตลอดทั้ง
เทอม
 วศ.บ. สาขาวิชาวิศวกรรมคอมพิวเตอร์ หลักสูตรปรับปรุง พ.ศ. 2 558 มหาวิทยาลัยเชียงใหม่ (140
หน่วยกิต)
- ใช้ผลลัพธ์การเรียนรู้ในระดับหลักสูตร 12 ข้อจาก Washington Accord (Engineering
program)
- วิชาบรรยายและวิชาปฏิบัติการแยกออกจากกันในวิชาแกน
- มีวิชาบังคับไมโครโพรเซสเซอร์แทนวิชาวงจรไฟฟ้าและอิเล็คทรอนิกส์พื้นฐาน
- มีวิชาบังคับการโปรแกรมเชิงวัตถุ และวิชาบังคับด้านเครือข่ายมากกว่า
- มีแผนทางเลือกสหกิจศึกษาในปี 4
ข้อแตกต่างของหลักสูตรปรับปรุงนี้เปรียบเทียบกับหลักสูตรทั้งสี่ข้างต้น คือ
- มีการกำหนดผลลัพธ์การเรียนรู้ระดับหลักสูตร ผลลัพธ์การเรียนรู้ตามลำดับขั้นของการพัฒนาผู้เรียน
และ ผลลัพธ์การเรียนรู้ระดับวิชา พร้อมทั้งความสัมพันธ์ที่ชัดเจน
- มีวิชาบังคับและวิชาเลือกที่เกี่ยวกับด้านวิทยาศาสตร์ข้อมูลและการเรียนรู้จากข้อมูลที่มากกว่า
- มีการควบรวมการบรรยายและปฏิบัติในวิชาบังคับเกือบทั้งหมดแต่ใช้เป็น 3 หน่วยกิต และมีรายวิชา
การบูรณาการการเรียนรู้ร่วมกับภาคอุตสาหกรรมนอกเหนือจากการฝึกงานภาคฤดูร้อน
จะเห็นได้ว่า หลักสูตรปรับปรุงนี้ เน้นการเรียนการสอนแบบเน้นผลลัพธ์ ตั้งแต่การออกแบบผลลัพธ์การเรียนรู้
ในระดับหลักสูตรจนไปถึงรายวิชา ร่วมกับการเรียนการสอนแบบเชิงรุก เพื่อให้มั่นใจได้ว่า บัณฑิตที่จบมามี
ความรู้และทักษะในการออกแบบและลงมือสร้างผลงาน มีศักยภาพในการปรับตัวและเรียนรู้เพื่อพัฒนา
ตนเองอย่างต่อเนื่องเมื่อออกไปทำงาน รวมถึงการปรับเปลี่ยนรายวิชาแกนและพื้นฐานในหลักสูตรให้นักศึกษา
ได้รับความรู้และทักษะสอดคล้องกับแนวโน้มของเทคโนโลยีในด้านกำรวิเคราะห์ข้อมูล การเรียนรู้ของเครื่อง
การเรียนรู้เชิงลึก เป็นต้น
หัวข้อที่ 3 การพัฒนาผลลัพธ์การเรียนรู้ และการประเมินผลผู้เรียน
3.1 แนวคิดในการพัฒนาผลลัพธ์การเรียนรู้แต่ละด้านของหลักสูตร
3.1.1) อธิบายถึงกลยุทธ์การเรียนการสอนที่จะใช้ในรายวิชาต่าง ๆ ในหลักสูตร เพื่อที่จะพัฒนาผู้เรียนให้บรรลุตาม
ผลลัพธ์การเรียนรู้ของหลักสูตรที่ตั้งไว้
การบรรยาย (Lecture) อธิบายเนื้อหาความรู้ทางทฤษฎี โดยให้มีการยกตัวอย่างในการประยุกต์ใช้งานจริงและ
เนื้อหากับพยายามเชื่อมโยงรายวิชาอื่นๆที่เกี่ยวข้อง และเน้นเฉพาะส่วนที่เป็นแ กนหลักสำคัญ เพื่อให้นักศึกษามี
พื้นฐานความรู้เพียงพอในการอภิปรายกลุ่มหรือศึกษารายละเอียดปลีกย่อยด้วยตนเองต่อไปได้  โดยอาจจะมีการให้
ผู้เรียนได้ฝึกทำแบบฝึกหัด แก้โจทย์ปัญหา หรือเขียนโปรแกรมที่ไม่ซับซ้อนในชั้นเรียน เพื่อเสริมสร้างความเข้าใจใน
บทเรียนได้ดีขึ้น
การอภิปรายกลุ่มย่อย (Small group discussion)  เป็นการกระตุ้นให้ผู้เรียนมีการคิดวิเคราะห์ เพื่อการอธิบาย
แสดงและความเปลี่ยนความคิดเห็น ใช้ในวิชาที่เน้นด้านการออกแบบ เช่น วิศวกรรมซอฟต์แวร์ ระบบปฏิบัติการ
สถาปัตยกรรมคอมพิวเตอร์ เป็นต้น
การมอบหมายงาน (Assignment) ให้เสริมสร้างความเข้าใจในเนื้อหาที่เรียนในห้องเรียน รวมถึงค้นคว้าเนื้อหา
รายละเอียดปลีกย่อยที่เกี่ยวข้องกับเนื้อหาที่เรียนจากการบรรยาย
การมอบหมายโครงงาน (Problem/Project-based assignment)  ให้ผู้เรียนค้นคว้าความรู้ที่เกี่ยวข้องกับ
เนื้อหาหลักในวิชาเรียนแต่ไม่ได้อธิบายรายละเอียดปลีกย่อยทั้งหมดในห้องเรียน เพื่อนำมาประยุกต์ใช้ในการ
แก้ปัญหาที่กำหนด
การฝึกปฏิบัติการ (Computer Lab) สำหรับพัฒนาทักษะทางเทคนิค เช่น การเขียนโปรแกรม การติดตั้ง
ปรับแต่งฐานข้อมูล เครื่องแม่ข่าย และอุปกรณ์เครือข่าย โดยมีทั้งเป็นขั้นตอนให้ทำตาม (Structured labs) และ
ให้เป็นโจทย์ปัญหาและคิดขั้นตอนเพื่อแก้ปัญหาเอง (Unstructured labs)
การฝึกงาน/เรียนรู้ร่วมกับอุตสาหกรรม (Internship / Work Integrated Learning) ให้ผู้เรียนออกไปทำงาน
ในสถานที่ประกอบการเพื่อแก้โจทย์จากภาคอุตสาหกรรม และเรียนรู้การสื่อสารและการปรับตัวในที่ทำงาน
3.1.2) อธิบายกลยุทธ์ในการวัดและประเมินผลที่จะใช้ในรายวิชาต่าง ๆ ในหลักสูตร ที่จะประเมินผลการเรียนรู้ของ
ผู้เรียนว่าสามารถบรรลุตามผลลัพธ์การเรียนรู้ของหลักสูตรที่ตั้งไว้ หรือไม่
การทดสอบเชิงวิชาการ (Quiz, Examination) ข้อสอบบรรยายเพื่อวัดความเข้าใจและความสามารถใน
การใช้ความรู้ทางวิทยาศาสตร์ คณิตศาสตร์ และวิศวกรรมศาสตร์ เพื่อวิเคราะห์ ออกแบบ และ แก้ปัญหา
ทางวิศวกรรมคอมพิวเตอร์ รวมถึงความรู้เกี่ยวกับเครื่องมือ ชุดคำสั่งพื้นฐานต่างๆ
การสาธิต (Skills demonstration) ให้ผู้เรียนสาธิตการเขียนโปรแกรม ชุดคำสั่งฐานข้อมูล ชุดคำสั่งในการ
ปรับแต่งเครื่องแม่ข่ายและอุปกรณ์เครือข่าย เพื่อวัดทักษะการใช้เครื่องมือทางวิศวกรรมคอมพิวเตอร์
การสัมภาษณ์แบบตัวต่อตัว (One-to-one interview) ให้ผู้เรียนอธิบายแนวทางการออกแบบวงจร
ฐานข้อมูล ระบบเครือข่าย ความแตกต่างของระบบ ขั้นตอนวิธีการ แบบจำลองข้อมูล หรือวิธีการที่เหมาะสม
ใช้การแก้ปัญหาสำหรับการประมวลผลข้อมูล  เพื่อวัดทักษะการประยุกต์ใช้ความรู้ในการแก้ปัญหา
การประเมินจากผลงานที่ได้รับมอบหมาย (Assignment Evaluation) ประเมินจากการส่งงานที่เป็น
การบ้านและโครงงาน  ในงานทั้งสองลักษณะจะวัดระดับความสามารถในการใช้ความรู้ทางวิทยาศาสตร์
คณิตศาสตร์ และวิศวกรรมศาสตร์ เพื่อวิเคราะห์ ออกแบบ และ แก้ปัญหาทางวิศวกรรมคอมพิวเตอร์ ส่วน
งานที่เป็นโครงงานจะวัดความสามารถในการใช้ความรู้ ทักษะ เทคโนโลยี และเครื่องมือทางวิศวกรรมในการ
สร้างและประเมินผลลัพธ์ เพื่อแก้ปัญหาทางวิศวกรรมคอมพิวเตอร์ได้
การนำเสนอผลงาน (Oral presentation) ประเมินทักษะการสื่อสารองค์ความรู้และชิ้นงาน โดยดูจากทั้งการ
จัดเรียงเนื้อหาในการนำเสนอและการพูด เพื่อสื่อสารให้ผู้ฟังมีความเข้าใจเนื้อหา สำหรับใช้ในรายวิชาที่การ
มอบหมายโครงงานกลุ่มที่ต้องมีการนำเสนอผลงาน วิชาโครงงานชั้นปีที่ 4 และ การนำเสนอผลงานระหว่างช่วง
การออกฝึกงานและในวิชาการเรียนรู้ร่วมกับภาคอุตสาหกรรม
การประเมินโดยเพื่อนร่วมชั้น (Peer evaluation) ให้สมาชิกในกลุ่มให้คะแนนผู้ร่วมงานแต่ละคนในด้านความ
รับผิดชอบ ความมีส่วนร่วมในงาน ความเข้ากันได้ในการทำงานกับสมาชิกในกลุ่ม สำหรับใช้ในรายวิชาที่การ
มอบหมายโครงงานกลุ่ม เช่น วิชาระบบฐานข้อมูล วิศวกรรมซอฟต์แวร์ ระบบเครือข่าย เป็นต้น
การประเมินโดยผู้ดูแล (Supervisor) ในการฝึกงาน/เรียนรู้ร่วมกับอุตสาหกรรม ผู้ดูแลนักศึกษาจะมีการประเมิน
6 ด้าน ที่เกี่ยวข้องกับความเป็นมืออาชีพการทำงาน ประกอบด้วย ทักษะการบริหารจัดการ ทักษะการแก้ปัญหา
ทัศนคติและวินัยในการทำงาน ทักษะการสื่อสาร การทำงานเป็นทีม และประเมิน 3 ด้านที่เกี่ยวข้องกับ
ความสามารถในการปฏิบัติงาน ประกอบด้วย การส่งผลงานตรงต่อเวลา คุณภาพของงาน และ ทักษะการ
แก้ปัญหา
3.1.3) ตารางสรุป
ผลลัพธ์การเรียนรู้ กลยุทธ์การเรียนการสอน กลยุทธ์การประเมินผลการเรียนรู้
PLO 1: สามารถใช้หลักการและ
ความรู้ทางวิทยาศาสตร์
คณิตศาสตร์ และ
วิศวกรรมศาสตร์ ในการวิเคราะห์
และออกแบบเพื่อแก้ปัญหาทาง
วิศวกรรมคอมพิวเตอร์ได้
การบรรยาย (Lecture)
มอบหมายงาน (Assignment)
โครงงาน (Problem/Project-based
learning)
การทดสอบเชิงวิชาการ (Quiz,
Examination)
การสัมภาษณ์แบบตัวต่อตัว (One-to-
one interview)
การประเมินจากผลงานที่ได้รับ
มอบหมาย (Assignment Evaluation)
PLO 2: สามารถใช้ความรู้ ทักษะ
เทคโนโลยี และเครื่องมือทาง
วิศวกรรมในการสร้างและ
ประเมินผลงาน เพื่อแก้ปัญหาทาง
วิศวกรรมคอมพิวเตอร์ได้
การบรรยาย (Lecture)
การทำโจทย์ (Tutorial/Practice
session)
ฝึกปฏิบัติการ (Computer Lab)
มอบหมายงาน (Assignment)
โครงงาน (Problem/Project-based
learning)
ฝึกงาน/เรียนรู้ร่วมอุตสาหกรรม
การทดสอบเชิงวิชาการ (Quiz,
Examination)
การประเมินจากผลงานที่ได้รับ
มอบหมาย (Assignment Evaluation)
PLO 3: สามารถเรียนรู้และ
พัฒนาทักษะทางวิศวกรรม
คอมพิวเตอร์ด้วยตนเองเพื่อ
นำมาใช้ประกอบการตัดสินใจ
และการแก้ปัญหาทางวิศวกรรม
คอมพิวเตอร์ได้
มอบหมายงาน (Assignment)
โครงงาน (Problem/Project-based
learning)
ฝึกงาน/เรียนรู้ร่วมอุตสาหกรรม
การประเมินจากผลงานที่ได้รับ
มอบหมาย (Assignment Evaluation)
การนำเสนอผลงาน (Presentation)
PLO 4: สามารถสื่อสารผลงาน
องค์ความรู้ และความเข้าใจเชิง
เทคนิคและเชิงทั่วไปได้
มอบหมายงาน (Assignment)
โครงงาน (Problem/Project-based
learning)
การอภิปราย (Group discussion)
การประเมินจากผลงานที่ได้รับ
มอบหมาย (Assignment Evaluation)
การนำเสนอผลงาน (Presentation)
การประเมินโดยผู้ดูแล
PLO 5: สามารถปฏิบัติงานอย่าง
มืออาชีพ มีความพร้อมในการ
ทำงานในสถานประกอบการ
มอบหมายงาน (Assignment)
โครงงาน (Problem/Project-based
learning)
ฝึกงาน/เรียนรู้ร่วมอุตสาหกรรม
การประเมินจากผลงานที่ได้รับ
มอบหมาย (Assignment Evaluation)
การนำเสนอผลงาน (Presentation)
การประเมินโดยเพื่อนร่วมชั้น (Peer
evaluation) และผู้ดูแล (Supervisor)
3.2 Stage-LOs
ระบุผลลัพธ์การเรียนรู้ตามลำดับขั้นของการพัฒนาผู้เรียนที่หลักสูตรกำหนดไว้ พร้อมแสดงวิธีการวัดและ
ประเมินผลการเรียนรู้ในแต่ละขั้น โดยนักศึกษาที่ไม่ผ่านเกณฑ์ประเมินจะถูกนำมาใช้เป็นผลป้อนกลับเพื่อวิเคราะห์
และปรับปรุงกระบวนการเรียนการสอนต่อไป
Stage-LOs • วิเคราะห์และออกแบบวงจรไฟฟ้าขั้นพื้นฐานได้
• ออกแบบและเขียนโปรแกรมเพื่อแก้ปัญหาพื้นฐานทางวิศวกรรมคอมพิวเตอร์ได้
• ค้นหาข้อมูลจากแหล่งข้อมูลที่กำหนดเพื่อนำมาช่วยในการแก้ปัญหาได้
ช่วงเวลาในการวัดและประเมินผล หลังสิ้นสุดภาคการศึกษาที่ 2 ปีที่ 1
วิธีการการวัดและประเมินผล นำคะแนนส่วนของผลลัพธ์การเรียนรู้ตามรายวิชาในส่วนที่เกี่ยวข้องกับแต่ละ LOs
มาหาค่าเฉลี่ยแบบมีน้ำหนักให้เป็น 100%
เกณฑ์การวัดและประเมินผล คะแนนผ่านที่ 60%
Stage-LOs • วิเคราะห์และออกแบบวงจรดิจิตอลขั้นพื้นฐานได้
• สามารถออกแบบ พัฒนา ระบบฐานข้อมูลพื้นฐานได้
• บูรณาการข้อมูลจากแหล่งข้อมูลที่กำหนดเพื่อนำมาช่วยในการแก้ปัญหาได้
• เขียนและนำเสนอเนื้อหาทางเทคนิคได้ในระดับพอใช้
ช่วงเวลาในการวัดและประเมินผล หลังสิ้นสุดภาคการศึกษาที่ 2 ปีที่ 2
วิธีการการวัดและประเมินผล นำคะแนนส่วนของผลลัพธ์การเรียนรู้ตามรายวิชาในส่วนที่เกี่ยวข้องกับแต่ละ LOs
มาหาค่าเฉลี่ยแบบมีน้ำหนักให้เป็น 100%
เกณฑ์การวัดและประเมินผล คะแนนผ่านที่ 60%
Stage-LOs • ออกแบบและพัฒนาซอฟต์แวร์ที่มีความซับซ้อนได้
• อธิบายการทำงานระบบปฏิบัติการแบบต่าง ๆ ติดตั้ง ปรับแต่ง แก้ไขปัญหา
ในระบบเครื่องแม่ข่ายได้
• ออกแบบเครือข่าย ติดตั้ง ปรับแต่งอุปกรณ์เครือข่ายตามข้อกำหนดได้
• แก้ไขปัญหาแบบจำลองข้อมูลและวิธีการเรียนรู้ของเครื่องที่เหมาะสมได้
• เขียนและนำเสนอเนื้อหาทางเทคนิคได้ในระดับดี
ช่วงเวลาในการวัดและประเมินผล หลังสิ้นสุดภาคการศึกษาที่ 2 ปีที่ 3
วิธีการการวัดและประเมินผล นำคะแนนส่วนของผลลัพธ์การเรียนรู้ตามรายวิชาในส่วนที่เกี่ยวข้องกับแต่ละ LOs
มาหาค่าเฉลี่ยแบบมีน้ำหนักให้เป็น 100%
เกณฑ์การวัดและประเมินผล คะแนนผ่านที่ 60%
Stage-LOs • ออกแบบและพัฒนาส่วนประกอบทางซอฟต์แวร์และฮาร์ดแวร์ในระบบ
คอมพิวเตอร์และสารสนเทศ เพื่อสร้างนวัตกรรมหรือแก้ปัญหาปลายเปิดได้
• เลือกใช้และประเมินประสิทธิภาพ ประสิทธิผล และความเหมาะสมของ
วิธีการและเครื่องมือที่นำมาใช้แก้ปัญหาได้
ช่วงเวลาในการวัดและประเมินผล หลังสิ้นสุดภาคการศึกษาที่ 2 ปีที่ 4
วิธีการการวัดและประเมินผล วัดจากผลงานโครงงานชั้นที่ปี 4 หรือจากผลงานจากการเรียนรู้ร่วมกับ
ภาคอุตสาหกรรม
เกณฑ์การวัดและประเมินผล คะแนนผ่านที่เกรด B
3.3 โครงสร้างของหลักสูตร
3.3.1) เปรียบเทียบโครงสร้างหลักสูตรเดิมกับประกาศกระทรวงศึกษาธิการ เรื่องเกณฑ์มาตรฐาน
หลักสูตร ดังนี้
3.3.2) อธิบายแนวคิดในการออกแบบโครงสร้างและเนื้อหาของหลักสูตร ที่จะใช้ในการพัฒนาผู้เรียนให้บรรลุตาม
ผลลัพธ์การเรียนรู้ของหลักสูตรที่ตั้งไว้
รูปที่ 1.2 แสดงการกระจายของเนื้อหาสาระสำคัญของหลักสูตรกับเนื้อหาสาระตามมาตรฐานคุณวุฒิระดับ
ปริญญาตรี สาขาวิชาวิศวกรรมคอมพิวเตอร์ พ.ศ. 2552  ทั้ง 5 ด้านในแต่ละชั้นปี คือ (1) วิชาแกนทาง
วิศวกรรม (2) วิชากลุ่มโครงสร้างพื้นฐานของระบบ (3) วิชากลุ่มฮาร์ดแวร์และสถาปัตยกรรมคอมพิวเตอร์ (4)
หมวดวิชา
จำนวนหน่วยกิต จำนวน
หน่วยกิต
ที่แตกต่าง
เกณฑ์
สกอ.
หลักสูตรเดิม
พ.ศ. 2559
หลักสูตรปรับปรุง
พ.ศ. 2564
1. หมวดวิชาศึกษาทั่วไป ≥ 30 31 31 -
2. หมวดวิชาเฉพาะ
2.1 กลุ่มวิชาแกนทางวิศวกรรม
2.2 กลุ่มวิชาเฉพาะด้าน
2.3 กลุ่มวิชาเลือก
≥ 72
90 93 3
3. หมวดวิชาเลือกเสรี ≥ 6 6 6 -
จำนวนหน่วยกิตรวมตลอดหลักสูตร ≥ 120 127 130 3
กลุ่มเทคโนโลยีและวิธีการทางซอฟต์แวร์  (5) กลุ่มเทคโนโลยีเพื่องานประยุกต์ และ รู ปที่ 1.3 แสดงความ
เกี่ยวเนื่องของรายวิชาในกลุ่มต่าง ๆ โดยการออกแบบโครงสร้างหลักสูตรมีแนวคิดดังนี้
 ปีที่ 1 จะปูความรู้พื้นฐานทางคณิตศาสตร์และวิศวกรรมศาสตร์ รวมถึงทักษะการใช้เครื่องมือพื้นฐานทาง
วิศวกรรมคอมพิวเตอร์
 ปีที่ 2 จะเรียนรู้เนื้อหาวิชาพื้นฐานของวิศว กรรมคอมพิวเตอร์ในด้านต่าง ๆ ตามมาตรฐานคุณวุฒิระดับ
ปริญญาตรี สาขาวิชาวิศวกรรมคอมพิวเตอร์ โดยมุ่งให้นักศึกษาสามารถออกแบบ วิเคราะห์ และพัฒนา
องค์ประกอบเบื้องต้นทั้งฮาร์ดแวร์และซอฟต์แวร์ของระบบคอมพิวเตอร์ได้
 ปีที่ 3 จะเรียนรู้เนื้อหาวิชาวิศวกรรมคอมพิวเตอร์ที่มี ความซับซ้อนมากขึ้น โดยมุ่งให้นักศึกษาสามารถ
ออกแบบ วิเคราะห์ และพัฒนาส่วนประกอบต่าง ๆ ในระบบคอมพิวเตอร์ในภาพรวมได้ ทั้งฮาร์ดแวร์
ซอฟต์แวร์ และวิธีการประมวลผลข้อมูลได้
 ปีที่ 4 จะเรียนรู้เนื้อหาวิชาวิศวกรรมคอมพิวเตอร์เฉพาะทางตามความสนใจของนักศึกษา โดยมุ่งหวั งให้
นักศึกษาออกแบบและพัฒนาชิ้นงานหรือนวัตกรรมเพื่อแก้ปัญหาปลายเปิดได้
รูปที่ 1.2 การกระจายของเนื้อหาสาระสำคัญของหลักสูตรกับเนื้อหาสาระตามมาตรฐานคุณวุฒิระดับปริญญาตรี สาขาวิชา
วิศวกรรมคอมพิวเตอร์ พ.ศ. 2552 ทั้ง 5 ด้าน
รูปที่ 1.3 ความเกี่ยวเนื่องของรายวิชาในกลุ่มต่างๆ ตามเนื้อหาสาระสำคัญในรูปที่ 1.2
หัวข้อที่ 4
4.1 คุณสมบัติของผู้เข้าศึกษา
เป็นผู้สำเร็จการศึกษาระดับมัธยมศึกษาตอนปลาย กลุ่มสาระการเรียนรู้วิทยาศาสตร์และกลุ่มสาระการเรียนรู้
คณิตศาสตร์ ช่วงชั้นที่ 4 หรือ เป็นผู้สำเร็จการศึกษาระดับมัธยมศึกษาตอนปลาย สายการเรียนวิทยาศาสตร์-
คณิตศาสตร์ หรือประกาศนียบัตรที่กระทรวงศึกษาธิการเทียบเท่าสายวิทยาศาสตร์
หัวข้อที่ 5
5.1 สรุปความคิดเห็นและข้อเสนอแนะจากผู้ทรงคุณวุฒิภายนอก และการดำเนินการ
1. ชื่อ – สกุล ดร.ศิษฏพงศ์ เศรษฐภัทร
ตำแหน่ง Chief Information Archictect and Engineering    สังกัด บริษัท ปตท.สำรวจและผลิต
ปิโตรเลียม จำกัด (มหาชน)
 เห็นด้วยกับรายละเอียดของหลักสูตร แต่มีข้อเสนอแนะดังนี้
ข้อเสนอแนะ การดำเนินการ
แนะนำให้ปรับปรุงเนื้อหาด้านการบริหารจัดการข้อมูล ซึ่งควรมี
เนื้อหาแยกจากการออกแบบฐานข้อมูลที่มีเนื้อหาเฉพาะทาง โดย
เพิ่มสาระความรู้ดังต่อไปนี้
Data Management and governance
Data Architecture
Data Security
Data Privacy Management
Laws in Digital and Data
เนื่องจากปัจจุบันมีกฎหมายที่เข้ามาควบคุมการใช้งานข้อมูลด้าน
computer มากขึ้น ไม่ว่าจะเป็นกฎหมาย digital, GDPR, PDPA
ทำให้สาระความรู้ด้านการบริหารจัดการข้อมูลควรเป็นความรู้
พื้นฐานที่ นศ. ทุกคนควรทราบ
พิจารณาเปิดเป็นรายวิชารหัส Special topics  และ
เชิญวิทยากรภายนอกเข้ามาร่วมสอนเนื่องจากยังไม่มี
บุคลากรในภาควิชาฯ ที่เชี่ยวชาญในสาขานี้เป็น
ผู้รับผิดชอบได้ทั้งวิชา
2. ชื่อ – สกุล ผศ. ดร.ชาญยศ ปลื้มปิติวิริยะเวช
ตำแหน่ง รองเลขาธิการสภาคณาจารย์ สังกัด คณะเทคโนโลยีสารสนเทศและการสื่อสาร
มหาวิทยาลัยมหิดล
 เห็นด้วยกับรายละเอียดของหลักสูตร แต่มีข้อเสนอแนะดังนี้
ข้อเสนอแนะ การดำเนินการ
ภาพรวมหลักสูตรมีกำหนดผลลัพธ์การเรียนรู้ระดับหลักสูตร
(PLOs) และผลลัพธ์การเรียนรู้ตามลำดับขั้นของการพัฒนา
เนื่องจากคำว่า  “อย่างเชี่ยวชาญ ” ในการประกอบ
วิชาชีพด้านวิศวกรรมคอมพิวเตอร์ ครอบคลุมความรู้
ข้อเสนอแนะ การดำเนินการ
ผู้เรียนที่ชัดเจน  (Stage-LOs) (ตามที่ระบุไว้ในหน้า 10 - 11
หมวดที่ 2 ส่วนที่ 1.4 และ 1.5)  มีการกำหนดคุณสมบัติของผู้
เข้าศึกษาที่ชัดเจน(ตามที่ระบุไว้ในหน้า 14 หมวดที่ 3 ส่วนที่
2.2) มีการกำหนดโครงสร้างหลักสูตรที่คำนึงถึงความสมดุลและ
ความเหมาะสมระหว่างหมวดวิชาศึกษาทั่วไป หมวดวิชา  เฉพาะ
และหมวดวิชาเลือกเสรี(ตามที่ระบุไว้ในหน้า 17 หมวดที่3 ส่วนที่
3.1) มีการกำหนดแผนการศึกษาที่คำนึงถึงความสมดุลและความ
เหมาะสมระหว่างวิชาพื้นฐาน (ซึ่งกำหนดไว้ภาคการศึกษาละ 9 -
12 หน่วยกิต ในช่วงระยะเวลา 4 ภาคการศึกษาแรก และลดลง
เป็นภาคการศึกษาละ 0 - 7 หน่วยกิตในช่วงระยะเวลา 4 ภาค
การศึกษาท้าย) และวิชาเฉพาะ (ซึ่งกำหนดไว้ภาคการศึกษาละ 6
- 9 หน่วยกิตในช่วงระยะเวลา 4 ภาคการศึกษาแรก และเพิ่มขึ้น
เป็นภาคการศึกษาละ 9 - 12 หน่วยกิตในช่วงระยะเวลา 4 ภาค
การศึกษาท้าย)
มีการแสดงความสัมพันธ์ระหว่างการเรียนรู้ระดับหลักสูตรและ
ผลลัพธ์การเรียนรู้ระดั บรายวิชาที่ชัดเจน (ตามที่ระบุไว้ในหน้า
39 - 42 หมวดที่ 4 ส่วนที่ 3)
เพื่อความชัดเจนในการวัดและประเมินหลักสูตร (ในอนาคต) จึง
ขอเสนอให้พิจารณาคำนิยามของคำว่า “อย่างเชี่ยวชาญ” ที่ระบุ
ไว้ในวัตถุประสงค์ของหลักสูตร (ตามที่ระบุในหน้า 22 - 26
หมวดที่ 3 ส่วนที่ 3.1.3) ในข้อที่ 1 ที่ว่า มุ่งผลิตบัณฑิตวิศวกรรม
คอมพิวเตอร์ให้สามารถประยุกต์ใช้ความรู้และทักษะด้าน
ฮาร์ดแวร์ ซอฟต์แวร์ และโครงข่ายคอมพิวเตอร์ ในการประกอบ
วิชาชีพด้านวิศวกรรมคอมพิวเตอร์ได้อย่างเชี่ยวชาญ
และทักษะที่กว้างขวางและหลากหลาย ซึ่งประเมิน
โดยผลลัพธ์การเรียนรู้ระดับหลักสูตร ดังนั้นเพื่อไม่ให้
เกิดความสับสนจึงได้ปรับคำดังกล่าวออกจาก
วัตถุประสงค์ข้อที่ 1 ของหลักสูตร
เพื่อความชัดเจนและเพื่อการทวนสอบความสอดคล้องกัน
ระหว่างประเภทผลลัพธ์การเรียนรู้ (ตามที่ระบุไว้ในหน้า 10 - 11
หมวดที่ 2 ส่วนที่ 1.4 และ 1.5)  วัตถุประสงค์ของหลักสูตร
(ตามที่ระบุในหน้า 10 หมวดที่ 2 ส่วนที่ 1.3) และการจัดกลุ่ม
a. เพิ่มความสัมพันธ์ระหว่างผลลัพธ์การเรียนรู้ระดับ
หลักสูตร (PLOs) และผลลัพธ์การเรียนรู้ตามลำดับขั้น
ของการพัฒนาผู้เรียน (Stage-LOs) ในหัวข้อ 1.5 ตาม
ความเห็นผู้ทรงคุณวุฒิ
ข้อเสนอแนะ การดำเนินการ
รายวิชาในหลักสูตร (ตามที่ระบุในหน้า 22 – 26 หมวดที่ 3 ส่วน
ที่ 3.1.3) จึงขอเสนอให้พิจารณาในประเด็นต่าง ๆ ดังนี้
a. พิจารณากำหนดความสัมพันธ์ระหว่างผลลัพธ์การเรียนรู้ระดับ
หลักสูตร ( PLOs) และผลลัพธ์การเรียนรู้ตามลำดับขั้นของการ
พัฒนาผู้เรียน (Stage-LOs)
b. พิจารณาความสัมพันธ์ระหว่างผลลัพธ์การเรี ยนรู้ระดับ
หลักสูตร (PLOs) (จำนวน 6 ข้อ) และวัตถุประสงค์ของหลักสูตร
(โดยเฉพาะวัตถุประสงค์ข้อที่ 2 ที่ว่า ผลิตบัณฑิตวิศวกรรม
คอมพิวเตอร์ให้มีทักษะ 5 ด้าน ได้แก่ การปฏิบัติเชิงวิชาชีพ การ
คิดอย่างเป็นระบบ การเรียนรู้ การสื่อสาร และ การจัดการ และ
ข้อที่ 3 ที่ว่า  เพื่อปลูกฝังนักศึกษาให้ทำงานอย่างเป็นมืออาชีพ
ตระหนักถึงคุณธรรม จริยธรรม จรรยาบรรณวิชาชีพ)
c. พิจารณาความความสัมพันธ์ระหว่างวัตถุประสงค์ของหลักสูตร
(โดยเฉพาะวัตถุประสงค์ข้อที่ 1) และการจัดกลุ่มรายวิชาเฉพาะ
ด้านในหลักสูตรตามคำอธิบายเพิ่มเติมต่อไปนี้
กล่าวคือ วัตถุประสงค์ของหลักสูตรระบุไว้ในข้อ 1 ที่ว่า มุ่งผลิต
บัณฑิตวิศวกรรมคอมพิวเตอร์ให้สามารถประยุกต์ใช้ความรู้และ
ทักษะด้านฮาร์ดแวร์ ซอฟต์แวร์ และโครงข่ายคอมพิวเตอร์
ในขณะที่การแบ่งกลุ่มรายวิชา แบ่งเป็นหลายแง่มุม เช่น กลุ่ม
โครงสร้างพื้นฐานของระบบกลุ่มฮาร์ดแวร์ และสถาปัตยกรรม
คอมพิวเตอร์กลุ่มเทคโนโลยี และวิธีการทางซอฟต์แวร์ กลุ่ม
เทคโนโลยีเพื่องานประยุกต์ กลุ่มฝึกวิชาชีพ และโครงงานวิชา
เลือกด้านแบบจำลองคณิตศาสตร์ ศาสตร์การคำนวณ และ
b. ความสัมพันธ์ระหว่างผลลัพธ์การเรียนรู้ระดับ
หลักสูตร (PLOs) และ วัตถุประสงค์ข้อที่ 2 ที่ว่า ผลิต
บัณฑิตวิศวกรรมคอมพิวเตอร์ให้มีทักษะ 5 ด้าน ได้แก่
การปฏิ บัติเชิงวิชาชีพ การคิดอย่างเป็นระบบ การ
เรียนรู้ การสื่อสาร และ การจัดการ แสดงอยู่ในหัวข้อ
3.2 ในเรื่อง Professional, Thinking skill, Learning
skill, Communication, Management &
Leadership และข้อที่ 3 ที่ว่า เพื่อปลูกฝังนักศึกษาให้
ทำงานอย่างเป็นมืออาชีพ ตร ะหนักถึงคุณธรรม
จริยธรรม จรรยาบรรณวิชาชีพ  แสดงอยู่ในหัวข้อ 3.2
ในเรื่อง Responsibility และ Humanization.
c. คงวัตถุประสงค์และการแบ่งกลุ่มวิชาตามเดิม
เนื่องจากการแบ่งกลุ่มรายวิชาเป็นกลุ่มโครงสร้าง
พื้นฐานของระบบกลุ่มฮาร์ดแวร์และสถาปัตยกรรม
คอมพิวเตอร์ กลุ่มเ ทคโนโลยี และวิธิการทาง
ซอฟต์แวร์ กลุ่มเทคโนโลยีเพื่องานประยุกต์ กลุ่มฝึก
วิชาชีพ เป็นไปตามมาตรฐานคุณวุฒิระดับปริญญาตรี
สาขาวิศวกรรมพิวเตอร์ พ.ศ. 2552  ซึ่งเป็นรายวิชา
เฉพาะระดับพื้นฐานของวิศวกรรมคอมพิวเตอร์และ
ครอบคลุมฮาร์ดแวร์ ซอฟต์แวร์และโครงข่ายอยู่แล้ว
ในขณะที่รายวิชาเลือกส่วนใหญ่ถึงแม้ว่าจะจัดอยู่ใน
ด้านวิธีการทางซอฟต์แวร์และกลุ่มเทคโนโลยีเพื่องาน
ประยุกต์ แต่ก็มีเนื้อหาที่ advanced และมีความ
หลากหลาย จึงถูกแบ่งกลุ่มย่อยออกมาตาม
ลักษณะร่วมของเนื้อหาวิชาเพื่อให้เห็นภาพของแนว
วิชาเลือกที่เปิดสอนในหลักสูตร
การเรียนรู้จากข้อมูล วิชาเลือกด้านวิธีการและระบบซอฟต์แวร์
ระบบโต้ตอบและหุ่นยนต์ วิชาเลือกด้านระบบข้อมูล วิชาเลือก
ด้านการประมวลผลสื่อประสมและการสร้างภาพเคลื่อนไหว เป็น
ผลลัพธ์การเรียนรู้ระดับหลักสูตรถูกเขียนให้
ครอบคลุมผลลัพธ์การเรียนรู้ของรายวิชาเลือกใน
ข้อเสนอแนะ การดำเนินการ
ต้น ทั้งนี้อาจพิจารณาจัดกลุ่มรายวิชาดังกล่าวให้เป็นหมวด (กลุ่ม
ที่ใหญ่ขึ้น) เพื่อให้สอดคล้องกับวั ตถุประสงค์ หรืออาจพิจารณา
เพิ่มเติมความรู้และทักษะลงในวัตถุประสงค์เพื่อให้สอดคล้องกับ
กลุ่มรายวิชาที่กำหนดไว้ หรืออาจจะปรับปรุงทั้งการจัดกลุ่ม
รายวิชาและวัตถุประสงค์เพื่อให้สอดคล้องกัน
ภาพรวมอยู่แล้วเนื่องจากนักศึกษาในหลักสูตรเลือก
เรียนวิชาเลือกไม่เหมือนกัน
3.  ชื่อ – สกุล ศ. ดร.วุฒิพงศ์ อารีกุล
ตำแหน่ง ศาสตราจารย์     สังกัด ภาควิชาวิศวกรรมไฟฟ้า มหาวิทยาลัยเกษตรศาสตร์
 เห็นด้วยกับรายละเอียดของหลักสูตร แต่มีข้อเสนอแนะดังนี้
ข้อเสนอแนะ การดำเนินการ
1) เนื่องจากโครงสร้างหลักสูตรครอบคลุมเชิงกว้าง ทำให้ขาด
จุดเด่นของหลักสูตรหรือ Signature ของหลักสูตรนี้ ถ้า
นักศึกษาต้องการมาเรียนที่วิศวกรรมคอมพิวเตอร์ มจธ.
จุดเด่นที่ดึงดูดให้อยากมาศึกษาที่นี่คืออะไร ทำไมต้องเป็นที่
มจธ. เมื่อจบแล้วเขาจะมีความแตกต่างอย่างไรที่เหนือกว่า
นักศึกษาที่จบจาก ม.อื่นๆ หลักสูตรนี้มีจุดเด่นอะไรที่แตกต่าง
จากหลักสูตรวิศวกรรมคอมพิวเตอร์ของม.อื่นๆ จุดเด่นนี้ควร
เป็นเป้าหมายที่เห็นชอบร่วมกันของคณาจารย์ประจำ ซึ่งควร
เขียนไว้อย่างชัดเจนใน มจธ. 2
จุดเด่นของหลักสูตรของภาควิชา คือ การใช้การเรียนการ
สอนแบบ active learning โดยบรรยายทฤษฎีควบคู่กับการ
ปฏิบัติในเกือบทั้งหมดของวิชาบังคับรว มถึงวิชาเลือก
บางส่วน ทำให้นักศึกษาที่จบมามีทั้งความรู้ทั้งทางทฤษฎีและ
สามารถลงมือทำได้จริง ซึ่งได้เขียนอยู่ในวัตถุประสงค์และ
ปรัชญาของหลักสูตร โดยมีการระบุเพิ่มเติมให้อย่างชัดเจนใน
หมวดที่ 2 หัวข้อ 1.1 ปรัชญาหลักสูตร
2) ควรตรวจสอบ ผลลัพธ์การเรียนรู้ระดับหลัก สูตร (PLO)
ให้สอดคล้องกับความเป็นจริงในแต่ละวิชาของการเรียนการ
สอนว่า สามารถให้ผลลัพธ์การเรียนรู้ได้จริง สามารถวัดผลได้
ในตารางหัวข้อ 3.1 ในหน้า 39 - 42
ยกตัวอย่างเช่น PLO2 (2A) สร้างวงจรไฟฟ้าอิเล็กทรอนิกส์
และระบบสมองกลฝังตัวได้ มีวิชาที่กำหนดให้มีผลลัพธ์การ
เรียนรู้นี้ อาทิเช่น
CPE 101 เปิดโลกวิศวกรรมศาสตร์
STA 302 สถิติสำหรับวิศวกร
ตรวจสอบและปรับแก้ตามความเห็นผู้ทรงฯ
PRE 380 เศรษฐศาสตร์วิศวกรรม
ข้อเสนอแนะ การดำเนินการ
CPE 364 การประมวลผลแบบปฏิสัมพันธ์ และประยุกต์ใน
ศาสตร์และศิลป์
CPE 365 การเขียนโปรแกรมหุ่นยนต์อัจฉริยะ
แต่เมื่อพิจารณา Course Description ของแต่ละวิชาแล้ว
ไม่พบว่ามีการเรียนการสอนให้สามารถสร้างวงจรไฟฟ้า
อิเล็กทรอนิกส์และระบบสมองกลฝังตัวได้อย่างไร และไม่
พบว่าจะทำให้เกิดผลลัพธ์การเรียนรู้นี้ได้อย่างไร
สำหรับผลลัพธ์การเรียนรู้อื่นๆ ถ้าจะกำหนดให้มีในวิชาใดๆ
ควรจะมีการวัดและประเมินผลลัพธ์การเรียนรู้ที่กำหนดไว้
ด้วยอย่างชัดเจน แต่ในรูปแบบปัจจุบัน ถ้ามีการประเมินผล
แล้วทำไม่ได้ จะมีปัญหาตามมาอีกมาก โปรดให้ความ
ระมัดระวังในการกำหนด PLO ของแต่ละวิชา
3) พิจารณาแล้วเห็นว่ามีการกำหนดให้เรียนทฤษฎีและ
ปฏิบัติใน 11 วิชาต่าง ๆ ดังต่อไปนี้
CPE 111 คณิตศาสตร์ดิสครีตสำหรับวิศวกรคอมพิวเตอร์
3(2-2-6)
CPE 112 การเขียนโปรแกรมด้วยโครงสร้างข้อมูล 3(2-2-6)
CPE 313 สัญญาณและระบบเชิงเส้น 3(2-2-6)
CPE 314 เครือข่ายคอมพิวเตอร์ 3(2-2-6)
CPE 121 พื้นฐานวงจรไฟฟ้าและอิเล็กทรอนิกส์ 3(2-2-6)
CPE 222 อิเล็กทรอนิกส์ดิจิทัลและการออกแบบวงจรเชิง
ตรรกะ 3(2-2-6)
CPE 223 สถาปัตยกรรมคอมพิวเตอร์ 3(2-2-6)
CPE 324 ระบบสมองกลฝังตัว 3(2-2-6)
CPE 232 แบบจำลองข้อมูล 3(2-2-6)
CPE 241 ระบบฐานข้อมูล 3(2-2-6)
CPE 342 การเรียนรู้ของเครื่อง 3(2-2-6)
จะเป็นการดีมากเลยถ้าสามารถบูรณาการ Lab ที่ต้องทำใน
วิชาต่างๆ เหล่านี้ให้สามารถ Integrate เป็นผลลัพธ์หลัก
หรือเป้าหมายหลักที่สุดท้ายเป็น งาน ระบบ อุปกรณ์ ชิ้นงาน
ที่ได้ตั้งเป้าหมายให้นักศึกษาไว้ตั้งแต่ต้นหรือตั้งแต่เริ่มเรียนใน
รับข้อเสนอแนะไว้ดำเนินการเมื่อเริ่ม จัดการเรียนการสอน
โดยเริ่มจากการบูรณาการโครงงานในรายวิชาในภาค
การศึกษาเดียวกันก่อน จากนั้นจึงประเมินผลลลัพธ์ที่ได้และ
ขยายผลขอบเขตของโครงงานในปีที่สูงขึ้นต่อไป
ข้อเสนอแนะ การดำเนินการ
เทอมแรกๆ และให้ผลงาน Integration ในปี 3 และปี  4
ผลลัพธ์ของแต่ละส่วนวิชา ควรเป็นส่วนหนึ่งของ
เป้าหมายสุดท้าย ซึ่งควรออกแบบการปฏิบัติในวิชาต่างๆ
เหล่านี้ให้มีความเชื่อมโยงกัน และสามารถนำไปใช้ประโยชน์
ได้ในตอนสุดท้าย นั่นหมาย ถึงการทำ Project ตั้งแต่ปี 1
ไม่ใช่ทำตอนปี 4 ถ้าทำอย่างนี้จะกำหนด PLO ได้อย่าง
ชัดเจนและสามารถวัดผลได้อย่างเป็นรูปธรรม ถ้าทำได้ จะ
เป็น Signature ของหลักสูตร ซึ่งต้องการความร่วมมือจาก
อาจารย์ทุกท่านที่สอนช่วยกันคิดช่วยกันทำ
ความเห็นเพื่อการพัฒนาต่อรายวิชาต่าง ๆ ในหลักสูตร
1) มีอีกหลายวิชาที่ควรจะมีการปฏิบัติควบคู่ไปกับทฤษฎี ซึ่ง
จะสร้าง Signature ให้หลักสูตรได้ ควรสนับสนุนให้มีเพิ่มเติม
และไม่จำเป็นต้องเป็นวิชาบังคับ
2) ควรเพิ่มความรู้เกี่ยวกับ Blockchain ในวิชา CPE 474
ความมั่นคงของสารสนเทศและคอมพิวเตอร์ 3(3-0-6)
Computer and Information Security
ปรับเพิ่มเนื้อหาวิชา CPE 474 ตามความเห็นผู้ทรงคุณวุฒิ
4. ชื่อ – สกุล ดร.วินน์ วรวุฒิคุณชัย
ตำแหน่ง Founder and Chief Data Scientist สังกัด Botnoi Consulting
 เห็นด้วยกับรายละเอียดของหลักสูตร แต่มีข้อเสนอแนะดังนี้
ข้อเสนอแนะ การดำเนินการ
1. จัดกลุ่มรายวิชาเลือกเป็นหมวดตามสายอาชีพ เช่น
Developer, Data Science, AI, Computer Graphics เพื่อให้
ดูน่าสนใจขึ้น
จัดทำเป็นเอกสารแนะแนวให้นักศึกษาที่เข้าใหม่
2. สำรวจตลาดงานสายคอมพิวเตอร์ในปัจจุบัน และความ
ต้องการของผู้ประกอบการ เพื่อรู้ว่าควรจะมุ่งเน้นให้ความสำคัญ
ของแต่ละวิชา
ภาควิชาฯ ได้มีการเก็บผลสำรวจจากศิษย์เก่าและผู้ใช้
บัณฑิตแล้ว
3. ให้มีการแนะแนว น.ศ. ถึงอาชีพต่าง ๆ ในสายคอมพิวเตอร์
ปัจจุบัน และจัดเซทการเรียนรู้ให้สอดคล้อง
จัดทำเป็นเอกสารแนะแนวให้นักศึกษาที่เข้าใหม่
ข้อเสนอแนะ การดำเนินการ
4. ให้มีสหกิจ 6 เดือน กับบริษัทซอฟแวร์ หรือฮาร์ดแวร์ ในช่วง
ปี 3 เพื่อที่จะได้รู้แนวทาง และสายอาชีพที่ชอบ
จัดอยู่ในวิชา CPE 402 การบูรณาการเรียนรู้ร่วมกับ
ภาคอุตสาหกรรมในชั้นปีที่ 4
5. นักศึกษาชั้นปี 4 สามารถที่จะทำ senior project ในเชิง
งานวิจัยกับบริษัท R&D
ภาควิชาฯ กำหนดแนวทางดังกล่าวอยู่ในวิชา CPE
401, 403 senior project  ในทางปฏิบัติอยู่แล้ว
6. เสนอให้มีวิชาเลือกสอนวิธีการอ่าน Paper งานวิจัย และ
แนะนำ conference ในสาย AI Machine Learning เช่น
NEURIPS, CVPR, ICCV, ICML etc.
เพิ่มเนื้อหาวิชา CPE 458 Deep learning ให้มีการ
อ่านบทความงานวิจัยในตามความเห็นผู้ทรงคุณวุฒิ
7. เสนอให้มีวิชาเน้นสอน tool ที่ใช้ในสาย Machine Learning
เช่น Google Colab Tensorflow Pytorch etc.
เพิ่มเนื้อหาวิชา CPE 342 Machine learning ตาม
ความเห็นผู้ทรงคุณวุฒิ
8. เสนอให้มีวิชา Data Analytic ที่รวมสอน สถิติ การใช้ Excel
pivot table สอน Data Visualisation การ plot กราฟแบบ
ต่าง ๆ เช่น radar chart bar chart candle เป็นหนึ่งในวิชา
บังคับ
เนื้อหามีสอนอยู่ในวิชา CPE 232 Data Models แล้ว
ทั้งนี้  ภาควิชาวิศวกรรมคอมพิวเตอร์ ได้แจ้งให้ผู้ทรงคุณวุฒิภายนอกได้รับทราบเกี่ยวกับ
การดำเนินการตามข้อเสนอแนะเรียบร้อยแล้ว"
