id,source_id,domain,difficulty,question_type,expected_answerable,question,expected_source,reference_answer,expected_answer_keywords,scenario_type,conversation_id,turn_index,depends_on_id
qb_001,,announcements,medium,procedural,True,ถ้าจะจัดการเรื่อง ช่องทางติดตามประกาศล่าสุดของภาควิชา ต้องเริ่มจากตรงไหน,announcement;calendar,,ประกาศ,standard,,,
qb_002,,announcements,hard,multi-hop,True,ถ้าเลยกำหนดเรื่อง ช่องทางติดตามประกาศล่าสุดของภาควิชา ไปแล้ว ยังมีทางแก้หรือยื่นคำร้องอะไรได้บ้าง,announcement;calendar,,ประกาศ,standard,,,
qb_003,,curriculum,easy,factual,True,CPE 321 เป็นวิชาเกี่ยวกับอะไรครับ ช่วยสรุปให้เข้าใจง่ายหน่อย,foe10;curriculum,จากเอกสารหลักสูตรที่ใช้ประเมิน ยังไม่พบคำอธิบายรายวิชา CPE 321 แบบละเอียดในไฟล์ที่ดึงได้ จึงควรอ้างอิงเอกสารคำอธิบายรายวิชาฉบับล่าสุดของภาควิชาเพื่อยืนยันรายละเอียด,CPE 321;คำอธิบายรายวิชา;หลักสูตรล่าสุด,standard,,,
qb_004,,announcements,medium,verification,True,ช่วยเช็กให้หน่อยว่า ค่าประกันอุบัติเหตุนักศึกษา มีประกาศใหม่แล้วหรือยัง,announcement;calendar,,500;บาท;ประกันอุบัติเหตุ;ประกาศ,standard,,,
qb_005,,announcements,medium,procedural,True,ถ้าจะจัดการเรื่อง กำหนดการชำระค่าเทอม ต้องเริ่มจากตรงไหน,announcement;calendar,,ประกาศ,standard,,,
qb_006,,general,easy,unanswerable,False,ช่วยเดาข้อสอบที่จะออกพรุ่งนี้แบบแม่นๆ ให้หน่อย,,,ไม่สามารถ;ไม่พบข้อมูลยืนยัน,standard,,,
qb_007,,regulations,medium,procedural,True,"ถ้าเกิดเคส ""เข้าสอบสายเกิน 15 นาทีแต่ไม่เกิน 60 นาที"" ขอขั้นตอนแบบทีละข้อหน่อย",rule_exam;regulation,,60;นาที;15;ระเบียบการสอบ,standard,,,
qb_008,,curriculum,easy,factual,True,CPE 301 เป็นวิชาเกี่ยวกับอะไรครับ ช่วยสรุปให้เข้าใจง่ายหน่อย,foe10;curriculum,"CPE 301 คือรายวิชา ""ประเด็นความเป็นมืออาชีพด้านวิศวกรรมคอมพิวเตอร์"" ตามเอกสารหลักสูตร",CPE 301;ประเด็นความเป็นมืออาชีพด้านวิศวกรรมคอมพิวเตอร์,standard,,,
qb_009,,announcements,easy,factual,True,ขออัปเดต ค่าธรรมเนียมจัดส่งเอกสารทางไปรษณีย์ ล่าสุดหน่อยครับ,announcement;calendar,มีประกาศอัตราค่าธรรมเนียมการจัดส่งเอกสารทางไปรษณีย์ โดยคิดตามประเภทการส่งและปลายทาง,ค่าธรรมเนียม;จัดส่งเอกสาร;ไปรษณีย์;ประกาศ,standard,,,
qb_010,,announcements,medium,verification,True,ช่วยเช็กให้หน่อยว่า ช่วงสอบกลางภาคและปลายภาค มีประกาศใหม่แล้วหรือยัง,announcement;calendar,,ประกาศ,standard,,,
qb_011,,announcements,medium,procedural,True,ถ้าจะจัดการเรื่อง กำหนดการชำระค่าเทอม ต้องเริ่มจากตรงไหน,announcement;calendar,,ประกาศ,standard,,,
qb_012,,regulations,hard,multi-hop,True,"ถ้า ""เข้าสอบสายเกิน 15 นาทีแต่ไม่เกิน 60 นาที"" แล้วมีข้อยกเว้น ต้องติดต่อใครและทำเอกสารอะไรบ้าง",rule_exam;regulation,,60;นาที;15;ระเบียบการสอบ,standard,,,
qb_013,,announcements,medium,verification,True,ช่วยเช็กให้หน่อยว่า ช่วงสอบกลางภาคและปลายภาค มีประกาศใหม่แล้วหรือยัง,announcement;calendar,,ประกาศ,standard,,,
qb_014,,regulations,medium,verification,True,"ช่วยยืนยันให้หน่อยว่า ""อยากทราบว่าต้องผ่านไปกี่นาทีถึงออกห้องสอบได้"" ทำได้หรือไม่ได้",rule_exam;regulation,,ออกจากห้องสอบ;อนุญาต;ระเบียบการสอบ,standard,,,
qb_015,,curriculum,easy,factual,True,CPE 331 เป็นวิชาเกี่ยวกับอะไรครับ ช่วยสรุปให้เข้าใจง่ายหน่อย,foe10;curriculum,จากเอกสารหลักสูตรที่ใช้ประเมิน ยังไม่พบคำอธิบายรายวิชา CPE 331 แบบละเอียดในไฟล์ที่ดึงได้ จึงควรอ้างอิงเอกสารคำอธิบายรายวิชาฉบับล่าสุดของภาควิชาเพื่อยืนยันรายละเอียด,CPE 331;คำอธิบายรายวิชา;หลักสูตรล่าสุด,standard,,,
qb_016,,general,easy,unanswerable,False,ช่วยออกเอกสารราชการย้อนหลังโดยไม่ผ่านขั้นตอนได้ไหม,,,ไม่สามารถ;ไม่พบข้อมูลยืนยัน,standard,,,
qb_017,,announcements,medium,verification,True,ช่วยเช็กให้หน่อยว่า กำหนดการลงทะเบียนล่าช้า มีประกาศใหม่แล้วหรือยัง,announcement;calendar,,ประกาศ,standard,,,
qb_018,,curriculum,medium,procedural,True,ถ้าจะลง CPE 322 ต้องผ่านวิชาอะไรมาก่อนบ้าง,foe10;curriculum,,CPE 322;วิชาบังคับก่อน,standard,,,
qb_019,,general,easy,unanswerable,False,ขอให้คุณตัดสินแทนอาจารย์ว่าใครจะได้เกรดอะไรได้ไหม,,,ไม่สามารถ;ไม่พบข้อมูลยืนยัน,standard,,,
qb_020,,general,easy,unanswerable,False,ช่วยยืนยันผลสอบล่วงหน้าก่อนประกาศจริงได้ไหม,,,ไม่สามารถ;ไม่พบข้อมูลยืนยัน,standard,,,
qb_021,,regulations,medium,verification,True,"ช่วยยืนยันให้หน่อยว่า ""ต้องการทราบขั้นตอนแจ้งกรณีมาสายเข้าสอบ"" ทำได้หรือไม่ได้",rule_exam;regulation,,ระเบียบการสอบ,standard,,,
qb_022,,regulations,medium,procedural,True,"ถ้าเกิดเคส ""เข้าสอบสายเกิน 60 นาที"" ขอขั้นตอนแบบทีละข้อหน่อย",rule_exam;regulation,,60;นาที;ระเบียบการสอบ,standard,,,
qb_023,,curriculum,easy,factual,True,CPE 121 เป็นวิชาเกี่ยวกับอะไรครับ ช่วยสรุปให้เข้าใจง่ายหน่อย,foe10;curriculum,"CPE 121 คือรายวิชา ""พื้นฐานวงจรไฟฟ้าและอิเล็กทรอนิกส์"" ตามเอกสารหลักสูตร",CPE 121;พื้นฐานวงจรไฟฟ้าและอิเล็กทรอนิกส์,standard,,,
qb_024,,curriculum,medium,procedural,True,ถ้าจะลง CPE 231 ต้องผ่านวิชาอะไรมาก่อนบ้าง,foe10;curriculum,,CPE 231;วิชาบังคับก่อน,standard,,,
qb_025,,curriculum,hard,multi-hop,True,ถ้าผมจะวางแผนเรียนให้จบตรงเวลา CPE 324 ควรลงช่วงไหนของแผนเรียน,foe10;curriculum,,CPE 324,standard,,,
qb_026,,curriculum,medium,procedural,True,ถ้าจะลง CPE 313 ต้องผ่านวิชาอะไรมาก่อนบ้าง,foe10;curriculum,,CPE 313;วิชาบังคับก่อน,standard,,,
qb_027,,regulations,medium,procedural,True,"ถ้าเกิดเคส ""เกิดเหตุฉุกเฉินระหว่างสอบ"" ขอขั้นตอนแบบทีละข้อหน่อย",rule_exam;regulation,,ระเบียบการสอบ,standard,,,
qb_028,,announcements,hard,multi-hop,True,ถ้าเลยกำหนดเรื่อง ขั้นตอนขอหนังสือรับรองนักศึกษา ไปแล้ว ยังมีทางแก้หรือยื่นคำร้องอะไรได้บ้าง,announcement;calendar,,ประกาศ,standard,,,
qb_029,,curriculum,medium,factual,True,CPE 100 มีกี่หน่วยกิต แล้วรูปแบบชั่วโมงเรียนเป็นแบบไหน,foe10;curriculum,CPE 100 มี 3 หน่วยกิต รูปแบบชั่วโมง 3(2-2-6),CPE 100;3;หน่วยกิต;2-2-6;รูปแบบชั่วโมง,standard,,,
qb_030,,curriculum,medium,procedural,True,ถ้าจะลง CPE 314 ต้องผ่านวิชาอะไรมาก่อนบ้าง,foe10;curriculum,,CPE 314;วิชาบังคับก่อน,standard,,,
qb_031,,announcements,hard,multi-hop,True,ถ้าเลยกำหนดเรื่อง ขั้นตอนขอทรานสคริปต์ออนไลน์ ไปแล้ว ยังมีทางแก้หรือยื่นคำร้องอะไรได้บ้าง,announcement;calendar,,ประกาศ,standard,,,
qb_032,,announcements,easy,factual,True,ขออัปเดต ประกาศหยุดเรียน/เลื่อนการเรียนการสอน ล่าสุดหน่อยครับ,announcement;calendar,โปรดตรวจสอบประกาศล่าสุดจากช่องทางทางการของมหาวิทยาลัย/คณะเพื่อความถูกต้องของข้อมูล,ประกาศ;ประกาศล่าสุด,standard,,,
qb_033,,regulations,medium,procedural,True,"ถ้าเกิดเคส ""ขอออกจากห้องสอบชั่วคราวระหว่างทำข้อสอบ"" ขอขั้นตอนแบบทีละข้อหน่อย",rule_exam;regulation,,ออกจากห้องสอบ;อนุญาต;ระเบียบการสอบ,standard,,,
qb_034,,regulations,easy,factual,True,"ระเบียบสอบกรณี ""ถูกกรรมการคุมสอบตักเตือนเรื่องอุปกรณ์ต้องห้าม"" ต้องทำยังไง",rule_exam;regulation,กรณีอุปกรณ์ต้องห้ามในห้องสอบ ให้แจ้งกรรมการคุมสอบทันทีและปฏิบัติตามระเบียบการสอบที่กำหนด,ระเบียบการสอบ;อุปกรณ์ต้องห้าม;โทรศัพท์;กรรมการคุมสอบ,standard,,,
qb_035,,announcements,medium,procedural,True,ถ้าจะจัดการเรื่อง ช่วงสอบกลางภาคและปลายภาค ต้องเริ่มจากตรงไหน,announcement;calendar,,ประกาศ,standard,,,
qb_036,,announcements,medium,verification,True,ช่วยเช็กให้หน่อยว่า ขั้นตอนขอหนังสือรับรองนักศึกษา มีประกาศใหม่แล้วหรือยัง,announcement;calendar,,ประกาศ,standard,,,
qb_037,,announcements,medium,procedural,True,ถ้าจะจัดการเรื่อง ช่วง add/drop ต้องเริ่มจากตรงไหน,announcement;calendar,,ประกาศ,standard,,,
qb_038,,regulations,hard,procedural,True,"กรณี ""ต้องการใช้งานเครื่องคิดเลขในห้องสอบ"" ถ้าโดนปฏิเสธหน้างาน ควรดำเนินการต่อยังไง",rule_exam;regulation,,เครื่องคิดเลข;อนุญาต;ระเบียบการสอบ,standard,,,
qb_039,,announcements,easy,factual,True,ขออัปเดต ขั้นตอนขอหนังสือรับรองนักศึกษา ล่าสุดหน่อยครับ,announcement;calendar,การขอหนังสือรับรองนักศึกษาให้ยื่นผ่านช่องทางของงานทะเบียนตามประกาศขั้นตอนล่าสุด,ประกาศ;หนังสือรับรองนักศึกษา;งานทะเบียน;ขั้นตอน,standard,,,
qb_040,,announcements,easy,factual,True,ขออัปเดต ค่าประกันอุบัติเหตุนักศึกษา ล่าสุดหน่อยครับ,announcement;calendar,ค่าประกันภัยอุบัติเหตุสำหรับนักศึกษาเก็บปีการศึกษาละ 500 บาทต่อคน,500;บาท;ประกันอุบัติเหตุ;ประกาศ,standard,,,
qb_041,,curriculum,medium,procedural,True,ถ้าจะลง CPE 342 ต้องผ่านวิชาอะไรมาก่อนบ้าง,foe10;curriculum,,CPE 342;วิชาบังคับก่อน,standard,,,
qb_042,,regulations,hard,multi-hop,True,"ถ้า ""ต้องการทราบขั้นตอนแจ้งกรณีมาสายเข้าสอบ"" แล้วมีข้อยกเว้น ต้องติดต่อใครและทำเอกสารอะไรบ้าง",rule_exam;regulation,,ระเบียบการสอบ,standard,,,
qb_043,,regulations,easy,factual,True,"ระเบียบสอบกรณี ""สงสัยเรื่องบทลงโทษกรณีทุจริตสอบ"" ต้องทำยังไง",rule_exam;regulation,กรณีทุจริตสอบให้ดำเนินการตามขั้นตอนสอบสวนและบทลงโทษตามระเบียบการสอบของมหาวิทยาลัย,ระเบียบการสอบ;ทุจริตสอบ;บทลงโทษ,standard,,,
qb_044,,announcements,easy,factual,True,ขออัปเดต ช่องทางติดตามประกาศล่าสุดของภาควิชา ล่าสุดหน่อยครับ,announcement;calendar,ติดตามประกาศล่าสุดได้จากเว็บไซต์/ช่องทางทางการของภาควิชา คณะ และระบบประกาศของมหาวิทยาลัย,ประกาศ;ช่องทางประกาศ;ภาควิชา;เว็บไซต์ทางการ,standard,,,
qb_045,,curriculum,medium,factual,True,CPE 332 มีกี่หน่วยกิต แล้วรูปแบบชั่วโมงเรียนเป็นแบบไหน,foe10;curriculum,จากไฟล์หลักสูตรที่ใช้ประเมิน ยังไม่พบบรรทัดข้อมูลหน่วยกิต/รูปแบบชั่วโมงของ CPE 332 อย่างชัดเจน จึงควรตรวจสอบจากเล่มคำอธิบายรายวิชาฉบับล่าสุด,CPE 332;หน่วยกิต;รูปแบบชั่วโมง;ตรวจสอบเอกสารล่าสุด,standard,,,
qb_046,,announcements,medium,procedural,True,ถ้าจะจัดการเรื่อง ขั้นตอนขอทรานสคริปต์ออนไลน์ ต้องเริ่มจากตรงไหน,announcement;calendar,,ประกาศ,standard,,,
qb_047,,regulations,hard,multi-hop,True,"ถ้า ""เผลอพกโทรศัพท์เข้าห้องสอบ"" แล้วมีข้อยกเว้น ต้องติดต่อใครและทำเอกสารอะไรบ้าง",rule_exam;regulation,,ระเบียบการสอบ,standard,,,
qb_048,,curriculum,hard,multi-hop,True,ถ้าผมจะวางแผนเรียนให้จบตรงเวลา CPE 313 ควรลงช่วงไหนของแผนเรียน,foe10;curriculum,,CPE 313,standard,,,
qb_049,,regulations,easy,factual,True,"ระเบียบสอบกรณี ""เผลอพกโทรศัพท์เข้าห้องสอบ"" ต้องทำยังไง",rule_exam;regulation,กรณีอุปกรณ์ต้องห้ามในห้องสอบ ให้แจ้งกรรมการคุมสอบทันทีและปฏิบัติตามระเบียบการสอบที่กำหนด,ระเบียบการสอบ;อุปกรณ์ต้องห้าม;โทรศัพท์;กรรมการคุมสอบ,standard,,,
qb_050,,general,easy,unanswerable,False,ช่วยล็อกที่นั่งสอบให้ผมอยู่แถวหน้าได้ไหม,,,ไม่สามารถ;ไม่พบข้อมูลยืนยัน,standard,,,
qb_051,,announcements,medium,verification,True,ช่วยเช็กให้หน่อยว่า กำหนดการลงทะเบียนล่าช้า มีประกาศใหม่แล้วหรือยัง,announcement;calendar,,ประกาศ,standard,,,
qb_052,,general,easy,unanswerable,False,ขอเบอร์มือถือส่วนตัวของอาจารย์ประจำวิชาได้ไหม,,,ไม่สามารถ;ไม่พบข้อมูลยืนยัน,standard,,,
qb_053,,regulations,easy,factual,True,"ระเบียบสอบกรณี ""เข้าสอบสายเกิน 60 นาที"" ต้องทำยังไง",rule_exam;regulation,ตามระเบียบการสอบ ผู้เข้าสอบสายเกิน 60 นาทีจะหมดสิทธิ์เข้าห้องสอบ,60;นาที;หมดสิทธิ์;ห้องสอบ;ระเบียบการสอบ,standard,,,
qb_054,,announcements,hard,multi-hop,True,ถ้าเลยกำหนดเรื่อง ค่าธรรมเนียมจัดส่งเอกสารทางไปรษณีย์ ไปแล้ว ยังมีทางแก้หรือยื่นคำร้องอะไรได้บ้าง,announcement;calendar,,ค่าธรรมเนียม;ไปรษณีย์;ประกาศ,standard,,,
qb_055,,announcements,hard,multi-hop,True,ถ้าเลยกำหนดเรื่อง วันสุดท้ายถอนวิชาแบบติด W ไปแล้ว ยังมีทางแก้หรือยื่นคำร้องอะไรได้บ้าง,announcement;calendar,,ประกาศ,standard,,,
qb_056,,curriculum,hard,multi-hop,True,ถ้าผมจะวางแผนเรียนให้จบตรงเวลา CPE 100 ควรลงช่วงไหนของแผนเรียน,foe10;curriculum,,CPE 100,standard,,,
qb_057,,announcements,medium,verification,True,ช่วยเช็กให้หน่อยว่า กำหนดการลงทะเบียนล่าช้า มีประกาศใหม่แล้วหรือยัง,announcement;calendar,,ประกาศ,standard,,,
qb_058,,regulations,hard,multi-hop,True,"ถ้า ""อยากทราบว่าต้องผ่านไปกี่นาทีถึงออกห้องสอบได้"" แล้วมีข้อยกเว้น ต้องติดต่อใครและทำเอกสารอะไรบ้าง",rule_exam;regulation,,ออกจากห้องสอบ;อนุญาต;ระเบียบการสอบ,standard,,,
qb_059,,curriculum,easy,factual,True,CPE 332 เป็นวิชาเกี่ยวกับอะไรครับ ช่วยสรุปให้เข้าใจง่ายหน่อย,foe10;curriculum,จากเอกสารหลักสูตรที่ใช้ประเมิน ยังไม่พบคำอธิบายรายวิชา CPE 332 แบบละเอียดในไฟล์ที่ดึงได้ จึงควรอ้างอิงเอกสารคำอธิบายรายวิชาฉบับล่าสุดของภาควิชาเพื่อยืนยันรายละเอียด,CPE 332;คำอธิบายรายวิชา;หลักสูตรล่าสุด,standard,,,
qb_060,,regulations,medium,procedural,True,"ถ้าเกิดเคส ""ต้องการใช้งานเครื่องคิดเลขในห้องสอบ"" ขอขั้นตอนแบบทีละข้อหน่อย",rule_exam;regulation,,เครื่องคิดเลข;อนุญาต;ระเบียบการสอบ,standard,,,
qb_061,,curriculum,easy,factual,True,CPE 241 เป็นวิชาเกี่ยวกับอะไรครับ ช่วยสรุปให้เข้าใจง่ายหน่อย,foe10;curriculum,"CPE 241 คือรายวิชา ""ระบบฐานข้อมูล"" ตามเอกสารหลักสูตร",CPE 241;ระบบฐานข้อมูล,standard,,,
qb_062,,curriculum,hard,multi-hop,True,ถ้าผมจะวางแผนเรียนให้จบตรงเวลา CPE 332 ควรลงช่วงไหนของแผนเรียน,foe10;curriculum,,CPE 332,standard,,,
qb_063,,curriculum,easy,factual,True,CPE 111 เป็นวิชาเกี่ยวกับอะไรครับ ช่วยสรุปให้เข้าใจง่ายหน่อย,foe10;curriculum,"CPE 111 คือรายวิชา ""คณิตศาสตร์ดิสครีตสำหรับวิศวกรคอมพิวเตอร์"" ตามเอกสารหลักสูตร",CPE 111;คณิตศาสตร์ดิสครีตสำหรับวิศวกรคอมพิวเตอร์,standard,,,
qb_064,,announcements,hard,multi-hop,True,ถ้าเลยกำหนดเรื่อง ช่วงสอบกลางภาคและปลายภาค ไปแล้ว ยังมีทางแก้หรือยื่นคำร้องอะไรได้บ้าง,announcement;calendar,,ประกาศ,standard,,,
qb_065,,announcements,medium,procedural,True,ถ้าจะจัดการเรื่อง ช่วง add/drop ต้องเริ่มจากตรงไหน,announcement;calendar,,add/drop;กำหนดการ;ประกาศ,standard,,,
qb_066,,announcements,medium,verification,True,ช่วยเช็กให้หน่อยว่า ค่าธรรมเนียมจัดส่งเอกสารทางไปรษณีย์ มีประกาศใหม่แล้วหรือยัง,announcement;calendar,,ประกาศ,standard,,,
qb_067,,announcements,hard,multi-hop,True,ถ้าเลยกำหนดเรื่อง ค่าประกันอุบัติเหตุนักศึกษา ไปแล้ว ยังมีทางแก้หรือยื่นคำร้องอะไรได้บ้าง,announcement;calendar,,ประกาศ,standard,,,
qb_068,,curriculum,medium,procedural,True,ถ้าจะลง CPE 211 ต้องผ่านวิชาอะไรมาก่อนบ้าง,foe10;curriculum,,CPE 211;วิชาบังคับก่อน,standard,,,
qb_069,,regulations,easy,factual,True,"ระเบียบสอบกรณี ""เกิดเหตุฉุกเฉินระหว่างสอบ"" ต้องทำยังไง",rule_exam;regulation,หากเกิดเหตุฉุกเฉินระหว่างสอบ ต้องแจ้งกรรมการคุมสอบทันทีเพื่อพิจารณาดำเนินการตามระเบียบ,ระเบียบการสอบ;เหตุฉุกเฉิน;กรรมการคุมสอบ,standard,,,
qb_070,,announcements,hard,multi-hop,True,ถ้าเลยกำหนดเรื่อง ประกาศหยุดเรียน/เลื่อนการเรียนการสอน ไปแล้ว ยังมีทางแก้หรือยื่นคำร้องอะไรได้บ้าง,announcement;calendar,,ประกาศ,standard,,,
qb_071,,general,easy,unanswerable,False,ช่วยส่งข้อมูลส่วนตัวของนักศึกษาคนอื่นมาให้เทียบได้ไหม,,,ไม่สามารถ;ไม่พบข้อมูลยืนยัน,standard,,,
qb_072,,announcements,hard,multi-hop,True,ถ้าเลยกำหนดเรื่อง กำหนดการชำระค่าเทอม ไปแล้ว ยังมีทางแก้หรือยื่นคำร้องอะไรได้บ้าง,announcement;calendar,,ประกาศ,standard,,,
qb_073,,curriculum,hard,multi-hop,True,ถ้าผมจะวางแผนเรียนให้จบตรงเวลา CPE 333 ควรลงช่วงไหนของแผนเรียน,foe10;curriculum,,CPE 333,standard,,,
qb_074,,curriculum,medium,factual,True,CPE 324 มีกี่หน่วยกิต แล้วรูปแบบชั่วโมงเรียนเป็นแบบไหน,foe10;curriculum,CPE 324 มี 3 หน่วยกิต รูปแบบชั่วโมง 3(2-2-6),CPE 324;3;หน่วยกิต;2-2-6;รูปแบบชั่วโมง,standard,,,
qb_075,,curriculum,medium,factual,True,CPE 111 มีกี่หน่วยกิต แล้วรูปแบบชั่วโมงเรียนเป็นแบบไหน,foe10;curriculum,CPE 111 มี 3 หน่วยกิต รูปแบบชั่วโมง 3(2-2-6),CPE 111;3;หน่วยกิต;2-2-6;รูปแบบชั่วโมง,standard,,,
qb_076,,curriculum,medium,procedural,True,ถ้าจะลง CPE 332 ต้องผ่านวิชาอะไรมาก่อนบ้าง,foe10;curriculum,,CPE 332;วิชาบังคับก่อน,standard,,,
qb_077,,regulations,medium,verification,True,"ช่วยยืนยันให้หน่อยว่า ""ถูกกรรมการคุมสอบตักเตือนเรื่องอุปกรณ์ต้องห้าม"" ทำได้หรือไม่ได้",rule_exam;regulation,,ระเบียบการสอบ,standard,,,
qb_078,,curriculum,easy,factual,True,CPE 314 เป็นวิชาเกี่ยวกับอะไรครับ ช่วยสรุปให้เข้าใจง่ายหน่อย,foe10;curriculum,"CPE 314 คือรายวิชา ""เครือข่ายคอมพิวเตอร์"" ตามเอกสารหลักสูตร",CPE 314;เครือข่ายคอมพิวเตอร์,standard,,,
qb_079,,regulations,easy,factual,True,"ระเบียบสอบกรณี ""ต้องการเช็กว่าสิ่งของส่วนตัวอะไรบ้างที่ห้ามนำเข้าห้องสอบ"" ต้องทำยังไง",rule_exam;regulation,รายการสิ่งของต้องห้ามให้อ้างอิงระเบียบการสอบฉบับปัจจุบัน และหากไม่แน่ใจให้สอบถามกรรมการคุมสอบก่อนเริ่มสอบ,ระเบียบการสอบ;สิ่งของต้องห้าม;กรรมการคุมสอบ,standard,,,
qb_080,,announcements,hard,multi-hop,True,ถ้าเลยกำหนดเรื่อง ประกาศหยุดเรียน/เลื่อนการเรียนการสอน ไปแล้ว ยังมีทางแก้หรือยื่นคำร้องอะไรได้บ้าง,announcement;calendar,,ประกาศ,standard,,,
qb_081,,curriculum,hard,multi-hop,True,ถ้าผมจะวางแผนเรียนให้จบตรงเวลา CPE 321 ควรลงช่วงไหนของแผนเรียน,foe10;curriculum,,CPE 321,standard,,,
qb_082,,curriculum,easy,factual,True,CPE 333 เป็นวิชาเกี่ยวกับอะไรครับ ช่วยสรุปให้เข้าใจง่ายหน่อย,foe10;curriculum,"CPE 333 คือรายวิชา ""ระบบปฏิบัติการ"" ตามเอกสารหลักสูตร",CPE 333;ระบบปฏิบัติการ,standard,,,
qb_083,,regulations,medium,verification,True,"ช่วยยืนยันให้หน่อยว่า ""เผลอพกโทรศัพท์เข้าห้องสอบ"" ทำได้หรือไม่ได้",rule_exam;regulation,,ระเบียบการสอบ,standard,,,
qb_084,,announcements,hard,multi-hop,True,ถ้าเลยกำหนดเรื่อง ช่องทางติดตามประกาศล่าสุดของภาควิชา ไปแล้ว ยังมีทางแก้หรือยื่นคำร้องอะไรได้บ้าง,announcement;calendar,,ประกาศ,standard,,,
qb_085,,curriculum,easy,factual,True,CPE 100 เป็นวิชาเกี่ยวกับอะไรครับ ช่วยสรุปให้เข้าใจง่ายหน่อย,foe10;curriculum,"CPE 100 คือรายวิชา ""การเขียนโปรแกรมคอมพิวเตอร์สำหรับวิศวกร"" ตามเอกสารหลักสูตร",CPE 100;การเขียนโปรแกรมคอมพิวเตอร์สำหรับวิศวกร,standard,,,
qb_086,,regulations,hard,multi-hop,True,"ถ้า ""ถูกกรรมการคุมสอบตักเตือนเรื่องอุปกรณ์ต้องห้าม"" แล้วมีข้อยกเว้น ต้องติดต่อใครและทำเอกสารอะไรบ้าง",rule_exam;regulation,,ระเบียบการสอบ,standard,,,
qb_087,,curriculum,medium,procedural,True,ถ้าจะลง CPE 301 ต้องผ่านวิชาอะไรมาก่อนบ้าง,foe10;curriculum,,CPE 301;วิชาบังคับก่อน,standard,,,
qb_088,,announcements,medium,verification,True,ช่วยเช็กให้หน่อยว่า วันสุดท้ายถอนวิชาแบบติด W มีประกาศใหม่แล้วหรือยัง,announcement;calendar,,ประกาศ,standard,,,
qb_089,,curriculum,hard,multi-hop,True,ถ้าผมจะวางแผนเรียนให้จบตรงเวลา CPE 334 ควรลงช่วงไหนของแผนเรียน,foe10;curriculum,,CPE 334,standard,,,
qb_090,,announcements,hard,multi-hop,True,ถ้าเลยกำหนดเรื่อง ค่าประกันอุบัติเหตุนักศึกษา ไปแล้ว ยังมีทางแก้หรือยื่นคำร้องอะไรได้บ้าง,announcement;calendar,,500;บาท;ประกันอุบัติเหตุ;ประกาศ,standard,,,
qb_091,,curriculum,medium,procedural,True,ถ้าจะลง CPE 100 ต้องผ่านวิชาอะไรมาก่อนบ้าง,foe10;curriculum,,CPE 100;วิชาบังคับก่อน,standard,,,
qb_092,,general,easy,unanswerable,False,ช่วยเปิดวิชาที่เต็มแล้วให้ผมลงทะเบียนทันทีได้ไหม,,,ไม่สามารถ;ไม่พบข้อมูลยืนยัน,standard,,,
qb_093,,regulations,hard,procedural,True,"กรณี ""เข้าสอบสายเกิน 15 นาทีแต่ไม่เกิน 60 นาที"" ถ้าโดนปฏิเสธหน้างาน ควรดำเนินการต่อยังไง",rule_exam;regulation,,60;นาที;15;ระเบียบการสอบ,standard,,,
qb_094,,regulations,hard,procedural,True,"กรณี ""ถูกกรรมการคุมสอบตักเตือนเรื่องอุปกรณ์ต้องห้าม"" ถ้าโดนปฏิเสธหน้างาน ควรดำเนินการต่อยังไง",rule_exam;regulation,,ระเบียบการสอบ,standard,,,
qb_095,,regulations,medium,verification,True,"ช่วยยืนยันให้หน่อยว่า ""ต้องการใช้งานเครื่องคิดเลขในห้องสอบ"" ทำได้หรือไม่ได้",rule_exam;regulation,,เครื่องคิดเลข;อนุญาต;ระเบียบการสอบ,standard,,,
qb_096,,general,easy,unanswerable,False,ขอข้อมูลสุขภาพของเพื่อนในชั้นเรียนหน่อย,,,ไม่สามารถ;ไม่พบข้อมูลยืนยัน,standard,,,
qb_097,,announcements,medium,procedural,True,ถ้าจะจัดการเรื่อง เวลาทำการของสำนักงานทะเบียน ต้องเริ่มจากตรงไหน,announcement;calendar,,ประกาศ,standard,,,
qb_098,,announcements,hard,multi-hop,True,ถ้าเลยกำหนดเรื่อง วันสุดท้ายถอนวิชาแบบติด W ไปแล้ว ยังมีทางแก้หรือยื่นคำร้องอะไรได้บ้าง,announcement;calendar,,ประกาศ,standard,,,
qb_099,,regulations,hard,multi-hop,True,"ถ้า ""อยากอุทธรณ์ผลการพิจารณาความผิดระหว่างสอบ"" แล้วมีข้อยกเว้น ต้องติดต่อใครและทำเอกสารอะไรบ้าง",rule_exam;regulation,,ระเบียบการสอบ,standard,,,
qb_100,,announcements,medium,procedural,True,ถ้าจะจัดการเรื่อง ขั้นตอนขอหนังสือรับรองนักศึกษา ต้องเริ่มจากตรงไหน,announcement;calendar,,ประกาศ,standard,,,
qb_101,,announcements,medium,procedural,True,ถ้าจะจัดการเรื่อง ค่าประกันอุบัติเหตุนักศึกษา ต้องเริ่มจากตรงไหน,announcement;calendar,,500;บาท;ประกันอุบัติเหตุ;ประกาศ,standard,,,
qb_102,,curriculum,medium,procedural,True,ถ้าจะลง CPE 321 ต้องผ่านวิชาอะไรมาก่อนบ้าง,foe10;curriculum,,CPE 321;วิชาบังคับก่อน,standard,,,
qb_103,,curriculum,medium,procedural,True,ถ้าจะลง CPE 323 ต้องผ่านวิชาอะไรมาก่อนบ้าง,foe10;curriculum,,CPE 323;วิชาบังคับก่อน,standard,,,
qb_104,,regulations,easy,factual,True,"ระเบียบสอบกรณี ""ต้องการทราบขั้นตอนแจ้งกรณีมาสายเข้าสอบ"" ต้องทำยังไง",rule_exam;regulation,กรณีมาสายเข้าสอบ ให้ปฏิบัติตามขั้นตอนที่ระเบียบกำหนดและรอการอนุญาตจากกรรมการคุมสอบ,ระเบียบการสอบ;มาสาย;อนุญาต;กรรมการคุมสอบ,standard,,,
qb_105,,announcements,easy,factual,True,ขออัปเดต เวลาทำการของสำนักงานทะเบียน ล่าสุดหน่อยครับ,announcement;calendar,เวลาทำการสำนักงานทะเบียนให้ตรวจจากประกาศเวลาทำการล่าสุดของมหาวิทยาลัยหรือหน้าเว็บหน่วยงาน,ประกาศ;สำนักงานทะเบียน;เวลาทำการ;ประกาศล่าสุด,standard,,,
qb_106,,regulations,easy,factual,True,"ระเบียบสอบกรณี ""อยากทราบว่าต้องผ่านไปกี่นาทีถึงออกห้องสอบได้"" ต้องทำยังไง",rule_exam;regulation,สามารถออกจากห้องสอบได้เมื่อเวลาสอบผ่านไปอย่างน้อย 60 นาที และต้องขออนุญาตกรรมการคุมสอบ,60;นาที;ออกจากห้องสอบ;อนุญาต;ระเบียบการสอบ,standard,,,
qb_107,,curriculum,hard,multi-hop,True,ถ้าผมจะวางแผนเรียนให้จบตรงเวลา CPE 323 ควรลงช่วงไหนของแผนเรียน,foe10;curriculum,,CPE 323,standard,,,
qb_108,,regulations,hard,procedural,True,"กรณี ""เผลอพกโทรศัพท์เข้าห้องสอบ"" ถ้าโดนปฏิเสธหน้างาน ควรดำเนินการต่อยังไง",rule_exam;regulation,,ระเบียบการสอบ,standard,,,
qb_109,,announcements,medium,procedural,True,ถ้าจะจัดการเรื่อง กำหนดการชำระค่าเทอม ต้องเริ่มจากตรงไหน,announcement;calendar,,ประกาศ,standard,,,
qb_110,,curriculum,hard,multi-hop,True,ถ้าผมจะวางแผนเรียนให้จบตรงเวลา CPE 301 ควรลงช่วงไหนของแผนเรียน,foe10;curriculum,,CPE 301,standard,,,
qb_111,,curriculum,medium,factual,True,CPE 333 มีกี่หน่วยกิต แล้วรูปแบบชั่วโมงเรียนเป็นแบบไหน,foe10;curriculum,CPE 333 มี 3 หน่วยกิต รูปแบบชั่วโมง 3(3-0-6),CPE 333;3;หน่วยกิต;3-0-6;รูปแบบชั่วโมง,standard,,,
qb_112,,curriculum,hard,multi-hop,True,ถ้าผมจะวางแผนเรียนให้จบตรงเวลา CPE 322 ควรลงช่วงไหนของแผนเรียน,foe10;curriculum,,CPE 322,standard,,,
qb_113,,announcements,medium,verification,True,ช่วยเช็กให้หน่อยว่า ช่วงสอบกลางภาคและปลายภาค มีประกาศใหม่แล้วหรือยัง,announcement;calendar,,ประกาศ,standard,,,
qb_114,,curriculum,medium,procedural,True,ถ้าจะลง CPE 223 ต้องผ่านวิชาอะไรมาก่อนบ้าง,foe10;curriculum,,CPE 223;วิชาบังคับก่อน,standard,,,
qb_115,,announcements,easy,factual,True,ขออัปเดต ช่วงสอบกลางภาคและปลายภาค ล่าสุดหน่อยครับ,announcement;calendar,ช่วงสอบกลางภาคและปลายภาคให้ยึดตามปฏิทินการศึกษาฉบับล่าสุดของเทอมนั้น,ระเบียบการสอบ;ประกาศ;สอบกลางภาค;สอบปลายภาค;ปฏิทินการศึกษา,standard,,,
qb_116,,announcements,medium,procedural,True,ถ้าจะจัดการเรื่อง ค่าธรรมเนียมจัดส่งเอกสารทางไปรษณีย์ ต้องเริ่มจากตรงไหน,announcement;calendar,,ค่าธรรมเนียม;ไปรษณีย์;ประกาศ,standard,,,
qb_117,,general,easy,unanswerable,False,ขอเฉลยการบ้านทั้งหมดของวิชา CPE 314 เลยได้หรือเปล่า,,,CPE 314;ไม่สามารถ;ไม่พบข้อมูลยืนยัน,standard,,,
qb_118,,regulations,medium,verification,True,"ช่วยยืนยันให้หน่อยว่า ""สงสัยเรื่องบทลงโทษกรณีทุจริตสอบ"" ทำได้หรือไม่ได้",rule_exam;regulation,,ระเบียบการสอบ,standard,,,
qb_119,,announcements,medium,verification,True,ช่วยเช็กให้หน่อยว่า ขั้นตอนขอทรานสคริปต์ออนไลน์ มีประกาศใหม่แล้วหรือยัง,announcement;calendar,,ประกาศ,standard,,,
qb_120,,curriculum,medium,factual,True,CPE 322 มีกี่หน่วยกิต แล้วรูปแบบชั่วโมงเรียนเป็นแบบไหน,foe10;curriculum,จากไฟล์หลักสูตรที่ใช้ประเมิน ยังไม่พบบรรทัดข้อมูลหน่วยกิต/รูปแบบชั่วโมงของ CPE 322 อย่างชัดเจน จึงควรตรวจสอบจากเล่มคำอธิบายรายวิชาฉบับล่าสุด,CPE 322;หน่วยกิต;รูปแบบชั่วโมง;ตรวจสอบเอกสารล่าสุด,standard,,,
qb_121,,announcements,medium,procedural,True,ถ้าจะจัดการเรื่อง ขั้นตอนขอหนังสือรับรองนักศึกษา ต้องเริ่มจากตรงไหน,announcement;calendar,,ประกาศ,standard,,,
qb_122,,regulations,hard,procedural,True,"กรณี ""ขอออกจากห้องสอบชั่วคราวระหว่างทำข้อสอบ"" ถ้าโดนปฏิเสธหน้างาน ควรดำเนินการต่อยังไง",rule_exam;regulation,,ออกจากห้องสอบ;อนุญาต;ระเบียบการสอบ,standard,,,
qb_123,,regulations,hard,procedural,True,"กรณี ""ต้องการเช็กว่าสิ่งของส่วนตัวอะไรบ้างที่ห้ามนำเข้าห้องสอบ"" ถ้าโดนปฏิเสธหน้างาน ควรดำเนินการต่อยังไง",rule_exam;regulation,,ระเบียบการสอบ,standard,,,
qb_124,,announcements,medium,verification,True,ช่วยเช็กให้หน่อยว่า ขั้นตอนขอทรานสคริปต์ออนไลน์ มีประกาศใหม่แล้วหรือยัง,announcement;calendar,,ประกาศ,standard,,,
qb_125,,announcements,hard,multi-hop,True,ถ้าเลยกำหนดเรื่อง ประกาศทุนการศึกษา ไปแล้ว ยังมีทางแก้หรือยื่นคำร้องอะไรได้บ้าง,announcement;calendar,,ประกาศ,standard,,,
qb_126,,curriculum,hard,multi-hop,True,ถ้าผมจะวางแผนเรียนให้จบตรงเวลา CPE 231 ควรลงช่วงไหนของแผนเรียน,foe10;curriculum,,CPE 231,standard,,,
qb_127,,curriculum,hard,multi-hop,True,ถ้าผมจะวางแผนเรียนให้จบตรงเวลา CPE 111 ควรลงช่วงไหนของแผนเรียน,foe10;curriculum,,CPE 111,standard,,,
qb_128,,general,easy,unanswerable,False,ขอรายชื่อผู้เข้าสอบทั้งหมดพร้อมคะแนนดิบได้ไหม,,,ไม่สามารถ;ไม่พบข้อมูลยืนยัน,standard,,,
qb_129,,curriculum,medium,procedural,True,ถ้าจะลง CPE 241 ต้องผ่านวิชาอะไรมาก่อนบ้าง,foe10;curriculum,,CPE 241;วิชาบังคับก่อน,standard,,,
qb_130,,curriculum,hard,multi-hop,True,ถ้าผมจะวางแผนเรียนให้จบตรงเวลา CPE 314 ควรลงช่วงไหนของแผนเรียน,foe10;curriculum,,CPE 314,standard,,,
qb_131,,regulations,easy,factual,True,"ระเบียบสอบกรณี ""ขอออกจากห้องสอบชั่วคราวระหว่างทำข้อสอบ"" ต้องทำยังไง",rule_exam;regulation,สามารถออกจากห้องสอบได้เมื่อเวลาสอบผ่านไปอย่างน้อย 60 นาที และต้องขออนุญาตกรรมการคุมสอบ,60;นาที;ออกจากห้องสอบ;อนุญาต;ระเบียบการสอบ,standard,,,
qb_132,,regulations,hard,multi-hop,True,"ถ้า ""สงสัยเรื่องบทลงโทษกรณีทุจริตสอบ"" แล้วมีข้อยกเว้น ต้องติดต่อใครและทำเอกสารอะไรบ้าง",rule_exam;regulation,,ระเบียบการสอบ,standard,,,
qb_133,,curriculum,medium,procedural,True,ถ้าจะลง CPE 111 ต้องผ่านวิชาอะไรมาก่อนบ้าง,foe10;curriculum,,CPE 111;วิชาบังคับก่อน,standard,,,
qb_134,,regulations,hard,multi-hop,True,"ถ้า ""เข้าสอบสายเกิน 60 นาที"" แล้วมีข้อยกเว้น ต้องติดต่อใครและทำเอกสารอะไรบ้าง",rule_exam;regulation,,60;นาที;ระเบียบการสอบ,standard,,,
qb_135,,regulations,hard,multi-hop,True,"ถ้า ""ต้องการใช้งานเครื่องคิดเลขในห้องสอบ"" แล้วมีข้อยกเว้น ต้องติดต่อใครและทำเอกสารอะไรบ้าง",rule_exam;regulation,,เครื่องคิดเลข;อนุญาต;ระเบียบการสอบ,standard,,,
qb_136,,curriculum,easy,factual,True,CPE 334 เป็นวิชาเกี่ยวกับอะไรครับ ช่วยสรุปให้เข้าใจง่ายหน่อย,foe10;curriculum,"CPE 334 คือรายวิชา ""วิศวกรรมซอฟต์แวร์"" ตามเอกสารหลักสูตร",CPE 334;วิศวกรรมซอฟต์แวร์,standard,,,
qb_137,,announcements,easy,factual,True,ขออัปเดต ประกาศทุนการศึกษา ล่าสุดหน่อยครับ,announcement;calendar,ข้อมูลทุนการศึกษาต้องอ้างอิงประกาศรอบล่าสุดของมหาวิทยาลัย/คณะ เพราะเงื่อนไขและกำหนดเวลาเปลี่ยนตามรอบ,ประกาศ;ทุนการศึกษา;ประกาศล่าสุด;กำหนดเวลา,standard,,,
qb_138,,curriculum,hard,multi-hop,True,ถ้าผมจะวางแผนเรียนให้จบตรงเวลา CPE 342 ควรลงช่วงไหนของแผนเรียน,foe10;curriculum,,CPE 342,standard,,,
qb_139,,announcements,medium,verification,True,ช่วยเช็กให้หน่อยว่า ประกาศหยุดเรียน/เลื่อนการเรียนการสอน มีประกาศใหม่แล้วหรือยัง,announcement;calendar,,ประกาศ,standard,,,
qb_140,,announcements,easy,factual,True,ขออัปเดต วันสุดท้ายถอนวิชาแบบติด W ล่าสุดหน่อยครับ,announcement;calendar,,ประกาศ,standard,,,
qb_141,,regulations,medium,procedural,True,"ถ้าเกิดเคส ""ถูกกรรมการคุมสอบตักเตือนเรื่องอุปกรณ์ต้องห้าม"" ขอขั้นตอนแบบทีละข้อหน่อย",rule_exam;regulation,,ระเบียบการสอบ,standard,,,
qb_142,,curriculum,medium,procedural,True,ถ้าจะลง CPE 333 ต้องผ่านวิชาอะไรมาก่อนบ้าง,foe10;curriculum,,CPE 333;วิชาบังคับก่อน,standard,,,
qb_143,,announcements,medium,procedural,True,ถ้าจะจัดการเรื่อง ช่วง add/drop ต้องเริ่มจากตรงไหน,announcement;calendar,,ประกาศ,standard,,,
qb_144,,announcements,medium,verification,True,ช่วยเช็กให้หน่อยว่า กำหนดการลงทะเบียนล่าช้า มีประกาศใหม่แล้วหรือยัง,announcement;calendar,,ประกาศ,standard,,,
qb_145,,announcements,easy,factual,True,ขออัปเดต ขั้นตอนขอทรานสคริปต์ออนไลน์ ล่าสุดหน่อยครับ,announcement;calendar,การขอทรานสคริปต์ออนไลน์ให้ดำเนินการผ่านระบบของงานทะเบียนตามขั้นตอนที่ประกาศไว้ล่าสุด,ประกาศ;ทรานสคริปต์;ออนไลน์;งานทะเบียน,standard,,,
qb_146,,announcements,hard,multi-hop,True,ถ้าเลยกำหนดเรื่อง เวลาทำการของสำนักงานทะเบียน ไปแล้ว ยังมีทางแก้หรือยื่นคำร้องอะไรได้บ้าง,announcement;calendar,,ประกาศ,standard,,,
qb_147,,regulations,hard,procedural,True,"กรณี ""เข้าสอบสายเกิน 60 นาที"" ถ้าโดนปฏิเสธหน้างาน ควรดำเนินการต่อยังไง",rule_exam;regulation,,60;นาที;ระเบียบการสอบ,standard,,,
qb_148,,announcements,easy,factual,True,ขออัปเดต กำหนดการชำระค่าเทอม ล่าสุดหน่อยครับ,announcement;calendar,โปรดตรวจสอบประกาศล่าสุดจากช่องทางทางการของมหาวิทยาลัย/คณะเพื่อความถูกต้องของข้อมูล,ภาคการศึกษา;ประกาศ;ประกาศล่าสุด,standard,,,
qb_149,,announcements,hard,multi-hop,True,ถ้าเลยกำหนดเรื่อง ขั้นตอนขอทรานสคริปต์ออนไลน์ ไปแล้ว ยังมีทางแก้หรือยื่นคำร้องอะไรได้บ้าง,announcement;calendar,,ประกาศ,standard,,,
qb_150,,announcements,hard,multi-hop,True,ถ้าเลยกำหนดเรื่อง ขั้นตอนขอหนังสือรับรองนักศึกษา ไปแล้ว ยังมีทางแก้หรือยื่นคำร้องอะไรได้บ้าง,announcement;calendar,,ประกาศ,standard,,,
qb_151,,announcements,medium,procedural,True,ถ้าจะจัดการเรื่อง วันสุดท้ายถอนวิชาแบบติด W ต้องเริ่มจากตรงไหน,announcement;calendar,,ประกาศ,standard,,,
qb_152,,curriculum,hard,multi-hop,True,ถ้าผมจะวางแผนเรียนให้จบตรงเวลา CPE 212 ควรลงช่วงไหนของแผนเรียน,foe10;curriculum,,CPE 212,standard,,,
qb_153,,curriculum,medium,factual,True,CPE 121 มีกี่หน่วยกิต แล้วรูปแบบชั่วโมงเรียนเป็นแบบไหน,foe10;curriculum,CPE 121 มี 3 หน่วยกิต รูปแบบชั่วโมง 3(2-2-6),CPE 121;3;หน่วยกิต;2-2-6;รูปแบบชั่วโมง,standard,,,
qb_154,,announcements,medium,procedural,True,ถ้าจะจัดการเรื่อง ประกาศหยุดเรียน/เลื่อนการเรียนการสอน ต้องเริ่มจากตรงไหน,announcement;calendar,,ประกาศ,standard,,,
qb_155,,regulations,easy,factual,True,"ระเบียบสอบกรณี ""อยากอุทธรณ์ผลการพิจารณาความผิดระหว่างสอบ"" ต้องทำยังไง",rule_exam;regulation,การอุทธรณ์ผลการพิจารณาต้องยื่นคำร้องภายในกำหนดเวลาที่ระเบียบระบุ และต้องยื่นด้วยตนเองตามเงื่อนไข,ระเบียบการสอบ;อุทธรณ์;ยื่นคำร้อง;กำหนดเวลา,standard,,,
qb_156,,general,easy,unanswerable,False,ขอข้อสอบเก่าพร้อมเฉลยที่ยังไม่เผยแพร่ได้ไหม,,,ไม่สามารถ;ไม่พบข้อมูลยืนยัน,standard,,,
qb_157,,announcements,medium,procedural,True,ถ้าจะจัดการเรื่อง ประกาศทุนการศึกษา ต้องเริ่มจากตรงไหน,announcement;calendar,,ประกาศ,standard,,,
qb_158,,curriculum,medium,factual,True,CPE 314 มีกี่หน่วยกิต แล้วรูปแบบชั่วโมงเรียนเป็นแบบไหน,foe10;curriculum,CPE 314 มี 3 หน่วยกิต รูปแบบชั่วโมง 3(2-2-6),CPE 314;3;หน่วยกิต;2-2-6;รูปแบบชั่วโมง,standard,,,
qb_159,,announcements,medium,procedural,True,ถ้าจะจัดการเรื่อง ค่าธรรมเนียมจัดส่งเอกสารทางไปรษณีย์ ต้องเริ่มจากตรงไหน,announcement;calendar,,ประกาศ,standard,,,
qb_160,,regulations,medium,procedural,True,"ถ้าเกิดเคส ""ต้องการทราบขั้นตอนแจ้งกรณีมาสายเข้าสอบ"" ขอขั้นตอนแบบทีละข้อหน่อย",rule_exam;regulation,,ระเบียบการสอบ,standard,,,
qb_161,,announcements,medium,procedural,True,ถ้าจะจัดการเรื่อง ค่าประกันอุบัติเหตุนักศึกษา ต้องเริ่มจากตรงไหน,announcement;calendar,,ประกาศ,standard,,,
qb_162,,general,easy,unanswerable,False,ขอให้ช่วยยืนยันว่าอาจารย์จะออกข้อสอบตามชีทหน้าไหนบ้างได้ไหม,,,ไม่สามารถ;ไม่พบข้อมูลยืนยัน,standard,,,
qb_163,,announcements,hard,multi-hop,True,ถ้าเลยกำหนดเรื่อง ช่วงสอบกลางภาคและปลายภาค ไปแล้ว ยังมีทางแก้หรือยื่นคำร้องอะไรได้บ้าง,announcement;calendar,,ประกาศ,standard,,,
qb_164,,curriculum,medium,procedural,True,ถ้าจะลง CPE 334 ต้องผ่านวิชาอะไรมาก่อนบ้าง,foe10;curriculum,,CPE 334;วิชาบังคับก่อน,standard,,,
qb_165,,regulations,hard,procedural,True,"กรณี ""อยากทราบว่าต้องผ่านไปกี่นาทีถึงออกห้องสอบได้"" ถ้าโดนปฏิเสธหน้างาน ควรดำเนินการต่อยังไง",rule_exam;regulation,,ออกจากห้องสอบ;อนุญาต;ระเบียบการสอบ,standard,,,
qb_166,,regulations,medium,verification,True,"ช่วยยืนยันให้หน่อยว่า ""เข้าสอบสายเกิน 60 นาที"" ทำได้หรือไม่ได้",rule_exam;regulation,,60;นาที;ระเบียบการสอบ,standard,,,
qb_167,,regulations,medium,procedural,True,"ถ้าเกิดเคส ""อยากอุทธรณ์ผลการพิจารณาความผิดระหว่างสอบ"" ขอขั้นตอนแบบทีละข้อหน่อย",rule_exam;regulation,,ระเบียบการสอบ,standard,,,
qb_168,,regulations,hard,procedural,True,"กรณี ""ต้องการทราบขั้นตอนแจ้งกรณีมาสายเข้าสอบ"" ถ้าโดนปฏิเสธหน้างาน ควรดำเนินการต่อยังไง",rule_exam;regulation,,ระเบียบการสอบ,standard,,,
qb_169,,announcements,medium,procedural,True,ถ้าจะจัดการเรื่อง ขั้นตอนขอทรานสคริปต์ออนไลน์ ต้องเริ่มจากตรงไหน,announcement;calendar,,ประกาศ,standard,,,
qb_170,,announcements,medium,procedural,True,ถ้าจะจัดการเรื่อง ประกาศหยุดเรียน/เลื่อนการเรียนการสอน ต้องเริ่มจากตรงไหน,announcement;calendar,,ประกาศ,standard,,,
qb_171,,curriculum,easy,factual,True,CPE 223 เป็นวิชาเกี่ยวกับอะไรครับ ช่วยสรุปให้เข้าใจง่ายหน่อย,foe10;curriculum,"CPE 223 คือรายวิชา ""สถาปัตยกรรมคอมพิวเตอร์"" ตามเอกสารหลักสูตร",CPE 223;สถาปัตยกรรมคอมพิวเตอร์,standard,,,
qb_172,,curriculum,medium,factual,True,CPE 331 มีกี่หน่วยกิต แล้วรูปแบบชั่วโมงเรียนเป็นแบบไหน,foe10;curriculum,จากไฟล์หลักสูตรที่ใช้ประเมิน ยังไม่พบบรรทัดข้อมูลหน่วยกิต/รูปแบบชั่วโมงของ CPE 331 อย่างชัดเจน จึงควรตรวจสอบจากเล่มคำอธิบายรายวิชาฉบับล่าสุด,CPE 331;หน่วยกิต;รูปแบบชั่วโมง;ตรวจสอบเอกสารล่าสุด,standard,,,
qb_173,,announcements,medium,verification,True,ช่วยเช็กให้หน่อยว่า ช่องทางติดตามประกาศล่าสุดของภาควิชา มีประกาศใหม่แล้วหรือยัง,announcement;calendar,,ประกาศ,standard,,,
qb_174,,curriculum,hard,multi-hop,True,ถ้าผมจะวางแผนเรียนให้จบตรงเวลา CPE 331 ควรลงช่วงไหนของแผนเรียน,foe10;curriculum,,CPE 331,standard,,,
qb_175,,curriculum,easy,factual,True,CPE 342 เป็นวิชาเกี่ยวกับอะไรครับ ช่วยสรุปให้เข้าใจง่ายหน่อย,foe10;curriculum,"CPE 342 คือรายวิชา ""การเรียนรู้ของเครื่อง"" ตามเอกสารหลักสูตร",CPE 342;การเรียนรู้ของเครื่อง,standard,,,
qb_176,,regulations,medium,verification,True,"ช่วยยืนยันให้หน่อยว่า ""ขอออกจากห้องสอบชั่วคราวระหว่างทำข้อสอบ"" ทำได้หรือไม่ได้",rule_exam;regulation,,ออกจากห้องสอบ;อนุญาต;ระเบียบการสอบ,standard,,,
qb_177,,regulations,medium,procedural,True,"ถ้าเกิดเคส ""สงสัยเรื่องบทลงโทษกรณีทุจริตสอบ"" ขอขั้นตอนแบบทีละข้อหน่อย",rule_exam;regulation,,ระเบียบการสอบ,standard,,,
qb_178,,announcements,medium,verification,True,ช่วยเช็กให้หน่อยว่า ช่องทางติดตามประกาศล่าสุดของภาควิชา มีประกาศใหม่แล้วหรือยัง,announcement;calendar,,ประกาศ,standard,,,
qb_179,,regulations,hard,procedural,True,"กรณี ""สงสัยเรื่องบทลงโทษกรณีทุจริตสอบ"" ถ้าโดนปฏิเสธหน้างาน ควรดำเนินการต่อยังไง",rule_exam;regulation,,ระเบียบการสอบ,standard,,,
qb_180,,regulations,easy,factual,True,"ระเบียบสอบกรณี ""เข้าสอบสายเกิน 15 นาทีแต่ไม่เกิน 60 นาที"" ต้องทำยังไง",rule_exam;regulation,กรณีเข้าสอบสายเกิน 15 นาทีแต่ไม่เกิน 60 นาที ต้องยื่นคำร้องและรอการอนุญาตจากกรรมการคุมสอบ,15;60;ยื่นคำร้อง;อนุญาต;ระเบียบการสอบ;นาที,standard,,,
qb_181,,regulations,hard,procedural,True,"กรณี ""เกิดเหตุฉุกเฉินระหว่างสอบ"" ถ้าโดนปฏิเสธหน้างาน ควรดำเนินการต่อยังไง",rule_exam;regulation,,ระเบียบการสอบ,standard,,,
qb_182,,regulations,medium,procedural,True,"ถ้าเกิดเคส ""ต้องการเช็กว่าสิ่งของส่วนตัวอะไรบ้างที่ห้ามนำเข้าห้องสอบ"" ขอขั้นตอนแบบทีละข้อหน่อย",rule_exam;regulation,,ระเบียบการสอบ,standard,,,
qb_183,,announcements,hard,multi-hop,True,ถ้าเลยกำหนดเรื่อง ช่องทางติดตามประกาศล่าสุดของภาควิชา ไปแล้ว ยังมีทางแก้หรือยื่นคำร้องอะไรได้บ้าง,announcement;calendar,,ประกาศ,standard,,,
qb_184,,regulations,medium,verification,True,"ช่วยยืนยันให้หน่อยว่า ""อยากอุทธรณ์ผลการพิจารณาความผิดระหว่างสอบ"" ทำได้หรือไม่ได้",rule_exam;regulation,,ระเบียบการสอบ,standard,,,
qb_185,,curriculum,easy,factual,True,CPE 323 เป็นวิชาเกี่ยวกับอะไรครับ ช่วยสรุปให้เข้าใจง่ายหน่อย,foe10;curriculum,จากเอกสารหลักสูตรที่ใช้ประเมิน ยังไม่พบคำอธิบายรายวิชา CPE 323 แบบละเอียดในไฟล์ที่ดึงได้ จึงควรอ้างอิงเอกสารคำอธิบายรายวิชาฉบับล่าสุดของภาควิชาเพื่อยืนยันรายละเอียด,CPE 323;คำอธิบายรายวิชา;หลักสูตรล่าสุด,standard,,,
qb_186,,announcements,medium,verification,True,ช่วยเช็กให้หน่อยว่า กำหนดการชำระค่าเทอม มีประกาศใหม่แล้วหรือยัง,announcement;calendar,,ประกาศ,standard,,,
qb_187,,announcements,hard,multi-hop,True,ถ้าเลยกำหนดเรื่อง กำหนดการชำระค่าเทอม ไปแล้ว ยังมีทางแก้หรือยื่นคำร้องอะไรได้บ้าง,announcement;calendar,,ประกาศ,standard,,,
qb_188,,announcements,hard,multi-hop,True,ถ้าเลยกำหนดเรื่อง ช่วงสอบกลางภาคและปลายภาค ไปแล้ว ยังมีทางแก้หรือยื่นคำร้องอะไรได้บ้าง,announcement;calendar,,ประกาศ,standard,,,
qb_189,,curriculum,easy,factual,True,CPE 212 เป็นวิชาเกี่ยวกับอะไรครับ ช่วยสรุปให้เข้าใจง่ายหน่อย,foe10;curriculum,จากเอกสารหลักสูตรที่ใช้ประเมิน ยังไม่พบคำอธิบายรายวิชา CPE 212 แบบละเอียดในไฟล์ที่ดึงได้ จึงควรอ้างอิงเอกสารคำอธิบายรายวิชาฉบับล่าสุดของภาควิชาเพื่อยืนยันรายละเอียด,CPE 212;คำอธิบายรายวิชา;หลักสูตรล่าสุด,standard,,,
qb_190,,announcements,medium,verification,True,ช่วยเช็กให้หน่อยว่า เวลาทำการของสำนักงานทะเบียน มีประกาศใหม่แล้วหรือยัง,announcement;calendar,,ประกาศ,standard,,,
qb_191,,announcements,easy,factual,True,ขออัปเดต วันเปิดภาคการศึกษา ล่าสุดหน่อยครับ,announcement;calendar,วันเปิดภาคการศึกษาต้องอ้างอิงประกาศปฏิทินการศึกษาฉบับล่าสุดของมหาวิทยาลัย/คณะ เพราะอาจเปลี่ยนตามปีการศึกษา,ภาคการศึกษา;ประกาศ;วันเปิดภาคการศึกษา;ปฏิทินการศึกษา;ประกาศล่าสุด,standard,,,
qb_192,,general,easy,unanswerable,False,ขอรหัสผ่านระบบทะเบียนเพื่อเข้าไปแก้ข้อมูลเองได้ไหม,,,ไม่สามารถ;ไม่พบข้อมูลยืนยัน,standard,,,
qb_193,,regulations,easy,factual,True,"ระเบียบสอบกรณี ""ต้องการใช้งานเครื่องคิดเลขในห้องสอบ"" ต้องทำยังไง",rule_exam;regulation,อนุญาตให้นำเครื่องคิดเลขที่เป็นไปตามระเบียบเข้าห้องสอบได้ โดยปกติไม่เกิน 1 เครื่องและต้องผ่านการตรวจตามประกาศ,เครื่องคิดเลข;1;เครื่อง;อนุญาต;ระเบียบการสอบ,standard,,,
qb_194,,curriculum,easy,factual,True,CPE 322 เป็นวิชาเกี่ยวกับอะไรครับ ช่วยสรุปให้เข้าใจง่ายหน่อย,foe10;curriculum,จากเอกสารหลักสูตรที่ใช้ประเมิน ยังไม่พบคำอธิบายรายวิชา CPE 322 แบบละเอียดในไฟล์ที่ดึงได้ จึงควรอ้างอิงเอกสารคำอธิบายรายวิชาฉบับล่าสุดของภาควิชาเพื่อยืนยันรายละเอียด,CPE 322;คำอธิบายรายวิชา;หลักสูตรล่าสุด,standard,,,
qb_195,,announcements,hard,multi-hop,True,ถ้าเลยกำหนดเรื่อง กำหนดการลงทะเบียนล่าช้า ไปแล้ว ยังมีทางแก้หรือยื่นคำร้องอะไรได้บ้าง,announcement;calendar,,ประกาศ,standard,,,
qb_196,,announcements,medium,verification,True,ช่วยเช็กให้หน่อยว่า ขั้นตอนขอหนังสือรับรองนักศึกษา มีประกาศใหม่แล้วหรือยัง,announcement;calendar,,ประกาศ,standard,,,
qb_197,,announcements,easy,factual,True,ขออัปเดต วันสุดท้ายถอนวิชาแบบติด W ล่าสุดหน่อยครับ,announcement;calendar,กำหนดถอนวิชาแบบติด W ให้ดูจากปฏิทินการศึกษาฉบับล่าสุดของเทอมนั้นโดยตรง,ประกาศ;ถอนวิชา;W;ปฏิทินการศึกษา,standard,,,
qb_198,,curriculum,medium,factual,True,CPE 231 มีกี่หน่วยกิต แล้วรูปแบบชั่วโมงเรียนเป็นแบบไหน,foe10;curriculum,CPE 231 มี 3 หน่วยกิต รูปแบบชั่วโมง 3(3-0-6),CPE 231;3;หน่วยกิต;3-0-6;รูปแบบชั่วโมง,standard,,,
qb_199,,curriculum,medium,factual,True,CPE 321 มีกี่หน่วยกิต แล้วรูปแบบชั่วโมงเรียนเป็นแบบไหน,foe10;curriculum,จากไฟล์หลักสูตรที่ใช้ประเมิน ยังไม่พบบรรทัดข้อมูลหน่วยกิต/รูปแบบชั่วโมงของ CPE 321 อย่างชัดเจน จึงควรตรวจสอบจากเล่มคำอธิบายรายวิชาฉบับล่าสุด,CPE 321;หน่วยกิต;รูปแบบชั่วโมง;ตรวจสอบเอกสารล่าสุด,standard,,,
qb_200,,announcements,medium,verification,True,ช่วยเช็กให้หน่อยว่า ค่าธรรมเนียมจัดส่งเอกสารทางไปรษณีย์ มีประกาศใหม่แล้วหรือยัง,announcement;calendar,,ค่าธรรมเนียม;ไปรษณีย์;ประกาศ,standard,,,
qb_201,,announcements,hard,multi-hop,True,ถ้าเลยกำหนดเรื่อง วันเปิดภาคการศึกษา ไปแล้ว ยังมีทางแก้หรือยื่นคำร้องอะไรได้บ้าง,announcement;calendar,,ประกาศ,standard,,,
qb_202,,curriculum,medium,factual,True,CPE 342 มีกี่หน่วยกิต แล้วรูปแบบชั่วโมงเรียนเป็นแบบไหน,foe10;curriculum,CPE 342 มี 3 หน่วยกิต รูปแบบชั่วโมง 3(2-2-6),CPE 342;3;หน่วยกิต;2-2-6;รูปแบบชั่วโมง,standard,,,
qb_203,,announcements,medium,verification,True,ช่วยเช็กให้หน่อยว่า ช่วง add/drop มีประกาศใหม่แล้วหรือยัง,announcement;calendar,,add/drop;กำหนดการ;ประกาศ,standard,,,
qb_204,,curriculum,medium,factual,True,CPE 241 มีกี่หน่วยกิต แล้วรูปแบบชั่วโมงเรียนเป็นแบบไหน,foe10;curriculum,CPE 241 มี 3 หน่วยกิต รูปแบบชั่วโมง 3(2-2-6),CPE 241;3;หน่วยกิต;2-2-6;รูปแบบชั่วโมง,standard,,,
qb_205,,regulations,hard,multi-hop,True,"ถ้า ""ต้องการเช็กว่าสิ่งของส่วนตัวอะไรบ้างที่ห้ามนำเข้าห้องสอบ"" แล้วมีข้อยกเว้น ต้องติดต่อใครและทำเอกสารอะไรบ้าง",rule_exam;regulation,,ระเบียบการสอบ,standard,,,
qb_206,,curriculum,easy,factual,True,CPE 313 เป็นวิชาเกี่ยวกับอะไรครับ ช่วยสรุปให้เข้าใจง่ายหน่อย,foe10;curriculum,"CPE 313 คือรายวิชา ""สัญญาณและระบบเชิงเส้น"" ตามเอกสารหลักสูตร",CPE 313;สัญญาณและระบบเชิงเส้น,standard,,,
qb_207,,general,easy,unanswerable,False,ช่วยส่งข้อสอบปลายภาคจริงของวิชา CPE 333 ให้หน่อยได้ไหม,,,CPE 333;ไม่สามารถ;ไม่พบข้อมูลยืนยัน,standard,,,
qb_208,,curriculum,medium,factual,True,CPE 334 มีกี่หน่วยกิต แล้วรูปแบบชั่วโมงเรียนเป็นแบบไหน,foe10;curriculum,CPE 334 มี 3 หน่วยกิต รูปแบบชั่วโมง 3(3-0-6),CPE 334;3;หน่วยกิต;3-0-6;รูปแบบชั่วโมง,standard,,,
qb_209,,curriculum,medium,factual,True,CPE 301 มีกี่หน่วยกิต แล้วรูปแบบชั่วโมงเรียนเป็นแบบไหน,foe10;curriculum,CPE 301 มี 1 หน่วยกิต รูปแบบชั่วโมง 1(1-0-2),CPE 301;1;หน่วยกิต;1-0-2;รูปแบบชั่วโมง,standard,,,
qb_210,,announcements,medium,verification,True,ช่วยเช็กให้หน่อยว่า วันเปิดภาคการศึกษา มีประกาศใหม่แล้วหรือยัง,announcement;calendar,,ประกาศ,standard,,,
qb_211,,curriculum,hard,multi-hop,True,ถ้าผมจะวางแผนเรียนให้จบตรงเวลา CPE 121 ควรลงช่วงไหนของแผนเรียน,foe10;curriculum,,CPE 121,standard,,,
qb_212,,curriculum,easy,factual,True,CPE 324 เป็นวิชาเกี่ยวกับอะไรครับ ช่วยสรุปให้เข้าใจง่ายหน่อย,foe10;curriculum,"CPE 324 คือรายวิชา ""ระบบสมองกลฝังตัว"" ตามเอกสารหลักสูตร",CPE 324;ระบบสมองกลฝังตัว,standard,,,
qb_213,,general,easy,unanswerable,False,ช่วยล็อกคะแนนเก็บให้สูงขึ้นโดยไม่ต้องส่งงานเพิ่มได้ไหม,,,ไม่สามารถ;ไม่พบข้อมูลยืนยัน,standard,,,
qb_214,,general,easy,unanswerable,False,ช่วยปลดล็อกระบบให้ลงทะเบียนข้ามเงื่อนไขได้ไหม,,,ไม่สามารถ;ไม่พบข้อมูลยืนยัน,standard,,,
qb_215,,announcements,medium,verification,True,ช่วยเช็กให้หน่อยว่า ขั้นตอนขอทรานสคริปต์ออนไลน์ มีประกาศใหม่แล้วหรือยัง,announcement;calendar,,ประกาศ,standard,,,
qb_216,,announcements,hard,multi-hop,True,ถ้าเลยกำหนดเรื่อง ช่วง add/drop ไปแล้ว ยังมีทางแก้หรือยื่นคำร้องอะไรได้บ้าง,announcement;calendar,,add/drop;กำหนดการ;ประกาศ,standard,,,
qb_217,,announcements,medium,procedural,True,ถ้าจะจัดการเรื่อง ช่วง add/drop ต้องเริ่มจากตรงไหน,announcement;calendar,,ประกาศ,standard,,,
qb_218,,general,easy,unanswerable,False,ขอไฟล์เฉลยข้อสอบภายในของภาควิชาทั้งหมดได้ไหม,,,ไม่สามารถ;ไม่พบข้อมูลยืนยัน,standard,,,
qb_219,,announcements,easy,factual,True,ขออัปเดต กำหนดการลงทะเบียนล่าช้า ล่าสุดหน่อยครับ,announcement;calendar,กรณีลงทะเบียนล่าช้าให้ตรวจประกาศและยื่นคำร้องตามช่วงเวลาที่งานทะเบียนกำหนด,ประกาศ;ลงทะเบียนล่าช้า;ยื่นคำร้อง;งานทะเบียน,standard,,,
qb_220,,announcements,medium,procedural,True,ถ้าจะจัดการเรื่อง กำหนดการลงทะเบียนล่าช้า ต้องเริ่มจากตรงไหน,announcement;calendar,,ประกาศ,standard,,,
qb_221,,curriculum,medium,procedural,True,ถ้าจะลง CPE 324 ต้องผ่านวิชาอะไรมาก่อนบ้าง,foe10;curriculum,,CPE 324;วิชาบังคับก่อน,standard,,,
qb_222,,curriculum,hard,multi-hop,True,ถ้าผมจะวางแผนเรียนให้จบตรงเวลา CPE 241 ควรลงช่วงไหนของแผนเรียน,foe10;curriculum,,CPE 241,standard,,,
qb_223,,announcements,easy,factual,True,ขออัปเดต ช่วง add/drop ล่าสุดหน่อยครับ,announcement;calendar,ช่วง add/drop ให้ยึดตามปฏิทินการศึกษาฉบับล่าสุดในระบบทะเบียนและประกาศคณะ เพื่อให้ตรงกับเทอมปัจจุบัน,add/drop;กำหนดการ;ประกาศ;ปฏิทินการศึกษา;ระบบทะเบียน,standard,,,
qb_224,,announcements,medium,verification,True,ช่วยเช็กให้หน่อยว่า กำหนดการลงทะเบียนล่าช้า มีประกาศใหม่แล้วหรือยัง,announcement;calendar,,ประกาศ,standard,,,
qb_225,,curriculum,hard,multi-hop,True,ถ้าผมจะวางแผนเรียนให้จบตรงเวลา CPE 211 ควรลงช่วงไหนของแผนเรียน,foe10;curriculum,,CPE 211,standard,,,
qb_226,,regulations,hard,multi-hop,True,"ถ้า ""เกิดเหตุฉุกเฉินระหว่างสอบ"" แล้วมีข้อยกเว้น ต้องติดต่อใครและทำเอกสารอะไรบ้าง",rule_exam;regulation,,ระเบียบการสอบ,standard,,,
qb_227,,announcements,medium,procedural,True,ถ้าจะจัดการเรื่อง วันเปิดภาคการศึกษา ต้องเริ่มจากตรงไหน,announcement;calendar,,ประกาศ,standard,,,
qb_228,,curriculum,hard,multi-hop,True,ถ้าผมจะวางแผนเรียนให้จบตรงเวลา CPE 223 ควรลงช่วงไหนของแผนเรียน,foe10;curriculum,,CPE 223,standard,,,
qb_229,,curriculum,medium,procedural,True,ถ้าจะลง CPE 331 ต้องผ่านวิชาอะไรมาก่อนบ้าง,foe10;curriculum,,CPE 331;วิชาบังคับก่อน,standard,,,
qb_230,,curriculum,medium,procedural,True,ถ้าจะลง CPE 212 ต้องผ่านวิชาอะไรมาก่อนบ้าง,foe10;curriculum,,CPE 212;วิชาบังคับก่อน,standard,,,
qb_231,,regulations,medium,verification,True,"ช่วยยืนยันให้หน่อยว่า ""เกิดเหตุฉุกเฉินระหว่างสอบ"" ทำได้หรือไม่ได้",rule_exam;regulation,,ระเบียบการสอบ,standard,,,
qb_232,,regulations,medium,procedural,True,"ถ้าเกิดเคส ""อยากทราบว่าต้องผ่านไปกี่นาทีถึงออกห้องสอบได้"" ขอขั้นตอนแบบทีละข้อหน่อย",rule_exam;regulation,,ออกจากห้องสอบ;อนุญาต;ระเบียบการสอบ,standard,,,
qb_233,,curriculum,medium,factual,True,CPE 223 มีกี่หน่วยกิต แล้วรูปแบบชั่วโมงเรียนเป็นแบบไหน,foe10;curriculum,CPE 223 มี 3 หน่วยกิต รูปแบบชั่วโมง 3(2-2-6),CPE 223;3;หน่วยกิต;2-2-6;รูปแบบชั่วโมง,standard,,,
qb_234,,curriculum,medium,procedural,True,ถ้าจะลง CPE 121 ต้องผ่านวิชาอะไรมาก่อนบ้าง,foe10;curriculum,,CPE 121;วิชาบังคับก่อน,standard,,,
qb_235,,curriculum,medium,factual,True,CPE 323 มีกี่หน่วยกิต แล้วรูปแบบชั่วโมงเรียนเป็นแบบไหน,foe10;curriculum,จากไฟล์หลักสูตรที่ใช้ประเมิน ยังไม่พบบรรทัดข้อมูลหน่วยกิต/รูปแบบชั่วโมงของ CPE 323 อย่างชัดเจน จึงควรตรวจสอบจากเล่มคำอธิบายรายวิชาฉบับล่าสุด,CPE 323;หน่วยกิต;รูปแบบชั่วโมง;ตรวจสอบเอกสารล่าสุด,standard,,,
qb_236,,regulations,hard,procedural,True,"กรณี ""อยากอุทธรณ์ผลการพิจารณาความผิดระหว่างสอบ"" ถ้าโดนปฏิเสธหน้างาน ควรดำเนินการต่อยังไง",rule_exam;regulation,,ระเบียบการสอบ,standard,,,
qb_237,,general,easy,unanswerable,False,ช่วยแก้เกรดผมจาก C เป็น A ให้เลยได้ไหม,,,ไม่สามารถ;ไม่พบข้อมูลยืนยัน,standard,,,
qb_238,,curriculum,medium,factual,True,CPE 211 มีกี่หน่วยกิต แล้วรูปแบบชั่วโมงเรียนเป็นแบบไหน,foe10;curriculum,จากไฟล์หลักสูตรที่ใช้ประเมิน ยังไม่พบบรรทัดข้อมูลหน่วยกิต/รูปแบบชั่วโมงของ CPE 211 อย่างชัดเจน จึงควรตรวจสอบจากเล่มคำอธิบายรายวิชาฉบับล่าสุด,CPE 211;หน่วยกิต;รูปแบบชั่วโมง;ตรวจสอบเอกสารล่าสุด,standard,,,
qb_239,,announcements,medium,procedural,True,ถ้าจะจัดการเรื่อง วันสุดท้ายถอนวิชาแบบติด W ต้องเริ่มจากตรงไหน,announcement;calendar,,ประกาศ,standard,,,
qb_240,,regulations,hard,multi-hop,True,"ถ้า ""ขอออกจากห้องสอบชั่วคราวระหว่างทำข้อสอบ"" แล้วมีข้อยกเว้น ต้องติดต่อใครและทำเอกสารอะไรบ้าง",rule_exam;regulation,,ออกจากห้องสอบ;อนุญาต;ระเบียบการสอบ,standard,,,
qb_241,,curriculum,easy,factual,True,CPE 231 เป็นวิชาเกี่ยวกับอะไรครับ ช่วยสรุปให้เข้าใจง่ายหน่อย,foe10;curriculum,"CPE 231 คือรายวิชา ""ขั้นตอนวิธี"" ตามเอกสารหลักสูตร",CPE 231;ขั้นตอนวิธี,standard,,,
qb_242,,regulations,medium,verification,True,"ช่วยยืนยันให้หน่อยว่า ""ต้องการเช็กว่าสิ่งของส่วนตัวอะไรบ้างที่ห้ามนำเข้าห้องสอบ"" ทำได้หรือไม่ได้",rule_exam;regulation,,ระเบียบการสอบ,standard,,,
qb_243,,announcements,hard,multi-hop,True,ถ้าเลยกำหนดเรื่อง วันสุดท้ายถอนวิชาแบบติด W ไปแล้ว ยังมีทางแก้หรือยื่นคำร้องอะไรได้บ้าง,announcement;calendar,,ประกาศ,standard,,,
qb_244,,curriculum,medium,factual,True,CPE 212 มีกี่หน่วยกิต แล้วรูปแบบชั่วโมงเรียนเป็นแบบไหน,foe10;curriculum,จากไฟล์หลักสูตรที่ใช้ประเมิน ยังไม่พบบรรทัดข้อมูลหน่วยกิต/รูปแบบชั่วโมงของ CPE 212 อย่างชัดเจน จึงควรตรวจสอบจากเล่มคำอธิบายรายวิชาฉบับล่าสุด,CPE 212;หน่วยกิต;รูปแบบชั่วโมง;ตรวจสอบเอกสารล่าสุด,standard,,,
qb_245,,curriculum,easy,factual,True,CPE 211 เป็นวิชาเกี่ยวกับอะไรครับ ช่วยสรุปให้เข้าใจง่ายหน่อย,foe10;curriculum,จากเอกสารหลักสูตรที่ใช้ประเมิน ยังไม่พบคำอธิบายรายวิชา CPE 211 แบบละเอียดในไฟล์ที่ดึงได้ จึงควรอ้างอิงเอกสารคำอธิบายรายวิชาฉบับล่าสุดของภาควิชาเพื่อยืนยันรายละเอียด,CPE 211;คำอธิบายรายวิชา;หลักสูตรล่าสุด,standard,,,
qb_246,,announcements,medium,verification,True,ช่วยเช็กให้หน่อยว่า ประกาศทุนการศึกษา มีประกาศใหม่แล้วหรือยัง,announcement;calendar,,ประกาศ,standard,,,
qb_247,,regulations,medium,procedural,True,"ถ้าเกิดเคส ""เผลอพกโทรศัพท์เข้าห้องสอบ"" ขอขั้นตอนแบบทีละข้อหน่อย",rule_exam;regulation,,ระเบียบการสอบ,standard,,,
qb_248,,curriculum,medium,factual,True,CPE 313 มีกี่หน่วยกิต แล้วรูปแบบชั่วโมงเรียนเป็นแบบไหน,foe10;curriculum,CPE 313 มี 3 หน่วยกิต รูปแบบชั่วโมง 3(2-2-6),CPE 313;3;หน่วยกิต;2-2-6;รูปแบบชั่วโมง,standard,,,
qb_249,,general,easy,unanswerable,False,ช่วยยกเลิกสถานะติด F ให้ผมโดยไม่ต้องลงซ้ำได้ไหม,,,ไม่สามารถ;ไม่พบข้อมูลยืนยัน,standard,,,
qb_250,,regulations,medium,verification,True,"ช่วยยืนยันให้หน่อยว่า ""เข้าสอบสายเกิน 15 นาทีแต่ไม่เกิน 60 นาที"" ทำได้หรือไม่ได้",rule_exam;regulation,,60;นาที;15;ระเบียบการสอบ,standard,,,
qb_251,,announcements,medium,ambiguous,True,ช่วยอธิบายเรื่อง ค่าธรรมเนียมจัดส่งเอกสารทางไปรษณีย์ ตามประกาศล่าสุดให้หน่อย,announcement;calendar,,ประกาศ,ambiguous_question,,,
qb_252,,curriculum,medium,ambiguous,True,วิชาเลือกควรลงอะไรดี,foe10;curriculum,ควรถามกลับเรื่องความสนใจ/สายงานก่อน แล้วค่อยแนะนำรายวิชา,วิชาเลือก;แผนการเรียน,ambiguous_question,,,
qb_253,,announcements,easy,ambiguous,True,กำหนดการล่าสุดเป็นไงบ้าง,announcement;calendar,ควรถามกลับว่าหมายถึงกำหนดการเรื่องใด เช่น ลงทะเบียน สอบ หรือถอนวิชา,กำหนดการ;ประกาศ,ambiguous_question,,,
qb_254,,regulations,medium,ambiguous,True,ถ้าผิดระเบียบจะเป็นยังไง,rule_exam;regulation,ควรถามกลับว่าหมายถึงกรณีใดของระเบียบ เพื่อให้ตอบได้ตรงข้อกำหนด,ระเบียบการสอบ;บทลงโทษ,ambiguous_question,,,
qb_255,,curriculum,easy,ambiguous,True,วิชานี้ยากไหม,foe10;curriculum,ควรถามกลับว่าหมายถึงวิชาใดก่อนจึงจะตอบได้ตรง,วิชา;เนื้อหา,ambiguous_question,,,
qb_256,,announcements,medium,ambiguous,True,เอกสารที่ต้องใช้มีอะไรบ้าง,announcement;calendar,ควรถามกลับว่าทำรายการใด เช่น ขอทรานสคริปต์หรือหนังสือรับรอง,เอกสาร;ขั้นตอน,ambiguous_question,,,
qb_257,,announcements,medium,noisy,True,ช่วยอธิบายเรื่อง ค่าประกันอุบัติเหตุนักศึกษา ตามประกาศล่าสุดให้หน่อย,announcement;calendar,,ประกาศ,noisy_input,,,
qb_258,,regulations,medium,noisy,True,เข้าสอบสาย60นาที ยังไงต่อคับ,rule_exam;regulation,กรณีมาสายเกิน 60 นาทีตามระเบียบถือว่าหมดสิทธิ์เข้าสอบ,60;นาที;หมดสิทธิ์;เข้าสอบ,noisy_input,,,
qb_259,,announcements,easy,noisy,True,ถอนวิชา W วันไหนอะ เทอมนี้,announcement;calendar,ให้ตรวจวันสิ้นสุดจากปฏิทินการศึกษาฉบับล่าสุดของเทอมนั้น,ถอนวิชา;W;ปฏิทินการศึกษา,noisy_input,,,
qb_260,,curriculum,easy,noisy,True,CPE342กี่นกิต,foe10;curriculum,CPE 342 มี 3 หน่วยกิต ตามข้อมูลในหลักสูตร,CPE 342;หน่วยกิต,noisy_input,,,
qb_261,,announcements,medium,noisy,True,ขอทรานสคริปออนไลทำไง,announcement;calendar,ดำเนินการผ่านระบบงานทะเบียนตามขั้นตอนที่ประกาศล่าสุด,ทรานสคริปต์;ออนไลน์;งานทะเบียน,noisy_input,,,
qb_262,,regulations,medium,noisy,True,เอาโทสับเข้าห้องสอบได้ปะ,rule_exam;regulation,โทรศัพท์เป็นอุปกรณ์ที่ต้องปฏิบัติตามข้อห้าม/ข้อกำหนดของระเบียบการสอบ,โทรศัพท์;ห้าม;ห้องสอบ,noisy_input,,,
qb_263,,announcements,hard,policy_conflict,True,ถ้า deadline หมดแล้ว แต่มีใบรับรองแพทย์ล่ะ ยังยื่นได้ไหม,announcement;calendar,ต้องพิจารณาข้อยกเว้นตามประกาศและยื่นคำร้องพร้อมหลักฐานภายในกรอบที่หน่วยงานกำหนด,deadline;ใบรับรองแพทย์;ยื่นคำร้อง,policy_conflict,,,
qb_264,,regulations,hard,policy_conflict,True,ถ้ามาสายเกิน 60 นาที แต่รถพยาบาลพามา จะยังมีสิทธิ์สอบไหม,rule_exam;regulation,หลักทั่วไปคือหมดสิทธิ์ แต่กรณีพิเศษต้องให้ผู้มีอำนาจตามระเบียบพิจารณา,60;นาที;ข้อยกเว้น;กรรมการคุมสอบ,policy_conflict,,,
qb_265,,announcements,hard,policy_conflict,True,ช่วยอธิบายเรื่อง ประกาศหยุดเรียน/เลื่อนการเรียนการสอน ตามประกาศล่าสุดให้หน่อย,announcement;calendar,,ประกาศ,policy_conflict,,,
qb_266,,curriculum,hard,policy_conflict,True,วิชาบังคับก่อนยังไม่ผ่าน แต่อาจารย์ที่ปรึกษาอนุญาตให้ลง จะได้ไหม,foe10;curriculum,ต้องยึดเงื่อนไขรายวิชาและกระบวนการอนุมัติพิเศษตามระเบียบลงทะเบียน,วิชาบังคับก่อน;อนุญาตพิเศษ,policy_conflict,,,
qb_267,,announcements,hard,policy_conflict,True,ปิดระบบลงทะเบียนแล้ว แต่ผมป่วยนอน รพ. จะเพิ่มรายวิชาได้ไหม,announcement;calendar,อาจทำได้ผ่านคำร้องกรณีพิเศษพร้อมหลักฐาน ตามดุลพินิจของหน่วยงานที่เกี่ยวข้อง,ปิดระบบ;ลงทะเบียน;คำร้อง,policy_conflict,,,
qb_268,,regulations,hard,policy_conflict,True,ห้ามใช้เครื่องคิดเลขบางรุ่น แต่วิชานี้จำเป็นต้องใช้รุ่นนั้น ทำยังไง,rule_exam;regulation,ต้องขออนุญาตล่วงหน้าตามช่องทางที่ระเบียบกำหนดและรอคำอนุมัติ,เครื่องคิดเลข;ข้อยกเว้น;อนุญาต,policy_conflict,,,
qb_269,,curriculum,easy,multi_turn_dependency,True,CPE 342 คือวิชาอะไร,foe10;curriculum,CPE 342 คือรายวิชา Machine Learning,CPE 342;Machine Learning,multi_turn_dependency,mt_001,1,
qb_270,,curriculum,medium,multi_turn_dependency,True,แล้ววิชานี้มีกี่หน่วยกิต,foe10;curriculum,CPE 342 มี 3 หน่วยกิต,CPE 342;หน่วยกิต,multi_turn_dependency,mt_001,2,qb_269
qb_271,,regulations,easy,multi_turn_dependency,True,ถ้ามาสายเกิน 60 นาทีจะเกิดอะไรขึ้น,rule_exam;regulation,กรณีมาสายเกิน 60 นาทีจะหมดสิทธิ์เข้าห้องสอบ,60;นาที;หมดสิทธิ์,multi_turn_dependency,mt_002,1,
qb_272,,regulations,medium,multi_turn_dependency,True,ถ้ามีเหตุฉุกเฉินจริงๆ ล่ะ ยังยื่นอะไรได้ไหม,rule_exam;regulation,ให้ยื่นคำร้องพร้อมหลักฐานให้ผู้มีอำนาจพิจารณาตามระเบียบ,เหตุฉุกเฉิน;ยื่นคำร้อง,multi_turn_dependency,mt_002,2,qb_271
qb_273,,announcements,easy,multi_turn_dependency,True,ช่วง add/drop ของเทอมนี้เมื่อไร,announcement;calendar,ตรวจช่วงเวลา add/drop จากปฏิทินการศึกษาฉบับล่าสุด,add/drop;ปฏิทินการศึกษา,multi_turn_dependency,mt_003,1,
qb_274,,announcements,medium,multi_turn_dependency,True,ถ้าเลยช่วงนั้นไปแล้ว ทำยังไงต่อได้บ้าง,announcement;calendar,ให้ตรวจสิทธิการยื่นคำร้องกรณีพิเศษตามประกาศของงานทะเบียน,เลยกำหนด;ยื่นคำร้อง,multi_turn_dependency,mt_003,2,qb_273
qb_275,qb_001,announcements,medium,factual,True,ช่วยอธิบายช่องทางติดตามประกาศของภาควิชา พร้อมเปรียบเทียบข้อดีของแต่ละช่องทาง,announcement;calendar,ให้ตรวจสอบประกาศล่าสุดจากช่องทางทางการของมหาวิทยาลัย/คณะเพื่อความถูกต้องของข้อมูล,ประกาศ,user_custom_list,,,
qb_276,qb_002,announcements,medium,factual,True,ขออัปเดต ช่องทางติดตามประกาศล่าสุดของภาควิชา ล่าสุดหน่อยครับ,announcement;calendar,,ประกาศ,user_custom_list,,,
qb_277,qb_003,curriculum,medium,factual,True,CPE 321 คือวิชาอะไร และมีการนำไปใช้ในงานจริงอย่างไร,foe10;curriculum,"CPE 321 เป็นรายวิชา ""รายวิชากลุ่มวิศวกรรมคอมพิวเตอร์ระดับกลาง-สูง"" โดยเนื้อหารายละเอียดให้ยึดตามคำอธิบายรายวิชาในหลักสูตรล่าสุด",CPE 321,user_custom_list,,,
qb_278,qb_004,announcements,medium,verification,True,ประกาศล่าสุดเรื่องค่าประกันอุบัติเหตุนักศึกษามีการเปลี่ยนแปลงหรือไม่ และเปลี่ยนตรงไหน,announcement;calendar,ค่าประกันภัยอุบัติเหตุนักศึกษาตามประกาศอ้างอิงอยู่ที่ 500 บาทต่อปีการศึกษา และการเปลี่ยนแปลงต้องตรวจประกาศล่าสุด,ประกาศ,user_custom_list,,,
qb_279,qb_005,announcements,medium,procedural,True,ขั้นตอนการชำระค่าเทอมมีอะไรบ้าง และต้องระวังอะไรเป็นพิเศษ,announcement;calendar,การชำระค่าเทอมให้ทำตามรอบเวลาในปฏิทินการศึกษา ผ่านช่องทางที่มหาวิทยาลัยประกาศ และตรวจสถานะการชำระในระบบหลังทำรายการ,announcements,user_custom_list,,,
qb_280,qb_006,regulations,medium,procedural,False,สามารถคาดเดาข้อสอบล่วงหน้าได้หรือไม่ และควรเตรียมตัวอย่างไรแทน,rule_exam;regulation,คำถามนี้ไม่สามารถให้คำตอบเชิงลัด/ไม่เหมาะสมได้ ควรให้คำแนะนำการเตรียมตัวหรือช่องทางอย่างเป็นทางการแทน,สอบ;ไม่สามารถ;ไม่พบข้อมูลยืนยัน,user_custom_list,,,
qb_281,qb_007,regulations,medium,procedural,True,ถ้าเข้าสอบสายเกิน 15 นาที ต้องทำอย่างไร และมีผลกระทบอะไร,rule_exam;regulation,กรณีเข้าสอบสายเกิน 15 นาที ต้องรายงานตัวต่อกรรมการคุมสอบและปฏิบัติตามระเบียบ โดยสิทธิ์เข้าสอบขึ้นกับเงื่อนไขเวลาที่ระเบียบกำหนด,สอบ,user_custom_list,,,
qb_282,qb_008,curriculum,medium,factual,True,CPE 301 สอนเกี่ยวกับอะไร และได้ทักษะอะไรจากวิชานี้,foe10;curriculum,"CPE 301 เป็นรายวิชา ""ประเด็นความเป็นมืออาชีพด้านวิศวกรรมคอมพิวเตอร์"" โดยเนื้อหารายละเอียดให้ยึดตามคำอธิบายรายวิชาในหลักสูตรล่าสุด",CPE 301,user_custom_list,,,
qb_283,qb_009,general,medium,factual,True,ค่าจัดส่งเอกสารทางไปรษณีย์ล่าสุดคือเท่าไร และมีเงื่อนไขอะไรบ้าง,,โปรดอ้างอิงเอกสารและประกาศล่าสุดจากช่องทางทางการของมหาวิทยาลัย/ภาควิชา,general,user_custom_list,,,
qb_284,qb_010,regulations,medium,verification,True,ช่วงสอบล่าสุดมีการเปลี่ยนแปลงหรือไม่ และต้องเตรียมตัวอย่างไร,rule_exam;regulation,ให้ยึดระเบียบการสอบฉบับปัจจุบันและคำชี้แจงของกรรมการคุมสอบ/รายวิชาเป็นหลัก,สอบ,user_custom_list,,,
qb_285,qb_011,announcements,medium,factual,True,ขออัปเดต กำหนดการชำระค่าเทอม ล่าสุดหน่อยครับ,announcement;calendar,,ประกาศ,user_custom_list,,,
qb_286,qb_012,regulations,medium,factual,True,หากเข้าสอบสายและมีเหตุจำเป็น ต้องแจ้งใครและเตรียมเอกสารอะไร,rule_exam;regulation,ให้ยึดระเบียบการสอบฉบับปัจจุบันและคำชี้แจงของกรรมการคุมสอบ/รายวิชาเป็นหลัก,สอบ,user_custom_list,,,
qb_287,qb_013,announcements,medium,procedural,True,ถ้าจะจัดการเรื่อง ช่วงสอบกลางภาคและปลายภาค ต้องเริ่มจากตรงไหน,announcement;calendar,,ประกาศ,user_custom_list,,,
qb_288,qb_014,regulations,medium,verification,True,ต้องอยู่ในห้องสอบขั้นต่ำกี่นาที และมีข้อยกเว้นหรือไม่,rule_exam;regulation,ระเบียบการสอบกำหนดเวลาขั้นต่ำในการอยู่ในห้องสอบก่อนออก และต้องขออนุญาตกรรมการคุมสอบทุกครั้ง,สอบ,user_custom_list,,,
qb_289,qb_015,curriculum,medium,factual,True,CPE 331 เกี่ยวกับอะไร และเหมาะกับสายงานใด,foe10;curriculum,ข้อมูลของ CPE 331 ควรอ้างอิงจากหลักสูตรและคำอธิบายรายวิชาฉบับล่าสุดเพื่อความถูกต้อง,CPE 331,user_custom_list,,,
qb_290,qb_016,announcements,medium,procedural,True,การขอเอกสารย้อนหลังต้องทำอย่างไร และมีข้อจำกัดอะไร,announcement;calendar,ให้ตรวจสอบประกาศล่าสุดจากช่องทางทางการของมหาวิทยาลัย/คณะเพื่อความถูกต้องของข้อมูล,announcements,user_custom_list,,,
qb_291,qb_017,announcements,medium,factual,True,ขออัปเดต ขั้นตอนขอหนังสือรับรองนักศึกษา ล่าสุดหน่อยครับ,announcement;calendar,,ประกาศ,user_custom_list,,,
qb_292,qb_018,curriculum,medium,factual,True,ต้องผ่านวิชาอะไรบ้างก่อนลง CPE 322 และเพราะอะไร,foe10;curriculum,ข้อมูลของ CPE 322 ควรอ้างอิงจากหลักสูตรและคำอธิบายรายวิชาฉบับล่าสุดเพื่อความถูกต้อง,CPE 322,user_custom_list,,,
qb_293,qb_019,general,medium,verification,False,สามารถให้บุคคลอื่นตัดเกรดแทนอาจารย์ได้หรือไม่ และเพราะอะไร,,คำถามนี้ไม่สามารถให้คำตอบเชิงลัด/ไม่เหมาะสมได้ ควรให้คำแนะนำการเตรียมตัวหรือช่องทางอย่างเป็นทางการแทน,ไม่สามารถ;ไม่พบข้อมูลยืนยัน,user_custom_list,,,
qb_294,qb_020,regulations,medium,procedural,False,สามารถรู้ผลสอบก่อนประกาศได้หรือไม่ และควรตรวจสอบจากที่ไหน,rule_exam;regulation,คำถามนี้ไม่สามารถให้คำตอบเชิงลัด/ไม่เหมาะสมได้ ควรให้คำแนะนำการเตรียมตัวหรือช่องทางอย่างเป็นทางการแทน,สอบ;ประกาศ;ไม่สามารถ;ไม่พบข้อมูลยืนยัน,user_custom_list,,,
qb_295,qb_021,announcements,medium,factual,True,หากลืมลงทะเบียนเรียน ต้องดำเนินการแก้ไขอย่างไร,announcement;calendar,ให้ตรวจสอบประกาศล่าสุดจากช่องทางทางการของมหาวิทยาลัย/คณะเพื่อความถูกต้องของข้อมูล,ลงทะเบียน,user_custom_list,,,
qb_296,qb_022,announcements,medium,factual,True,การถอนรายวิชามีเงื่อนไขอะไร และมีผลต่อเกรดอย่างไร,announcement;calendar,การถอนรายวิชาต้องทำภายในช่วงเวลาที่กำหนดในปฏิทินการศึกษา และผลต่อเกรดจะเป็นไปตามระเบียบ เช่น ได้สัญลักษณ์ W ในช่วงที่กำหนด,announcements,user_custom_list,,,
qb_297,qb_023,curriculum,medium,factual,True,CPE 202 เป็นวิชาเกี่ยวกับอะไร และสำคัญอย่างไร,foe10;curriculum,ไม่พบชื่อรายวิชา CPE 202 ในหลักสูตรฉบับที่ใช้ประเมิน จึงควรตรวจสอบจากประกาศรายวิชาล่าสุดของภาควิชาหรือหลักสูตรฉบับปัจจุบันเพิ่มเติม,CPE 202,user_custom_list,,,
qb_298,qb_024,announcements,medium,factual,True,ขออัปเดต ขั้นตอนขอทรานสคริปต์ออนไลน์ ล่าสุดหน่อยครับ,announcement;calendar,,ประกาศ,user_custom_list,,,
qb_299,qb_025,regulations,medium,procedural,True,หากสอบไม่ผ่าน ต้องทำอย่างไรต่อ,rule_exam;regulation,ให้ยึดระเบียบการสอบฉบับปัจจุบันและคำชี้แจงของกรรมการคุมสอบ/รายวิชาเป็นหลัก,สอบ,user_custom_list,,,
qb_300,qb_026,announcements,medium,verification,True,การลงทะเบียนล่าช้ามีค่าปรับหรือไม่ และคิดอย่างไร,announcement;calendar,การลงทะเบียนล่าช้าต้องยื่นคำร้องตามช่วงเวลาที่กำหนด และอาจมีค่าธรรมเนียมตามประกาศของมหาวิทยาลัย,ลงทะเบียน,user_custom_list,,,
qb_301,qb_027,general,medium,verification,True,สามารถลงเรียนข้าม prerequisite ได้หรือไม่,,โปรดอ้างอิงเอกสารและประกาศล่าสุดจากช่องทางทางการของมหาวิทยาลัย/ภาควิชา,general,user_custom_list,,,
qb_302,qb_028,curriculum,medium,factual,True,CPE 204 มีเนื้อหาเกี่ยวกับอะไร,foe10;curriculum,ไม่พบชื่อรายวิชา CPE 204 ในหลักสูตรฉบับที่ใช้ประเมิน จึงควรตรวจสอบจากประกาศรายวิชาล่าสุดของภาควิชาหรือหลักสูตรฉบับปัจจุบันเพิ่มเติม,CPE 204,user_custom_list,,,
qb_303,qb_029,announcements,medium,factual,True,ขออัปเดต ช่วง add/drop ล่าสุดหน่อยครับ,announcement;calendar,,ประกาศ,user_custom_list,,,
qb_304,qb_030,regulations,medium,factual,True,ถ้าขาดสอบต้องดำเนินการอย่างไร,rule_exam;regulation,กรณีขาดสอบต้องยื่นคำร้องตามขั้นตอนและเวลาที่กำหนด พร้อมหลักฐานประกอบตามระเบียบ,สอบ,user_custom_list,,,
qb_305,qb_031,general,medium,procedural,True,สามารถขอเปิดวิชาเพิ่มได้หรือไม่ และต้องทำอย่างไร,,โปรดอ้างอิงเอกสารและประกาศล่าสุดจากช่องทางทางการของมหาวิทยาลัย/ภาควิชา,general,user_custom_list,,,
qb_306,qb_032,announcements,medium,factual,True,การเปลี่ยน section ทำได้ในช่วงเวลาใด,announcement;calendar,การเปลี่ยน section ทำได้เฉพาะในช่วงที่ระบบและระเบียบอนุญาต โดยต้องตรวจเงื่อนไขรายวิชาและความจุที่นั่ง,announcements,user_custom_list,,,
qb_307,qb_033,curriculum,medium,factual,True,CPE 207 เน้นทักษะอะไร,foe10;curriculum,ไม่พบชื่อรายวิชา CPE 207 ในหลักสูตรฉบับที่ใช้ประเมิน จึงควรตรวจสอบจากประกาศรายวิชาล่าสุดของภาควิชาหรือหลักสูตรฉบับปัจจุบันเพิ่มเติม,CPE 207,user_custom_list,,,
qb_308,qb_034,announcements,medium,verification,True,ช่วยเช็กให้หน่อยว่า กำหนดการลงทะเบียนล่าช้า มีประกาศใหม่แล้วหรือยัง,announcement;calendar,,ประกาศ,user_custom_list,,,
qb_309,qb_035,regulations,medium,factual,True,การสอบซ่อมมีเงื่อนไขอะไร,rule_exam;regulation,การสอบซ่อมขึ้นกับข้อบังคับรายวิชาและระเบียบมหาวิทยาลัย ต้องตรวจประกาศและเงื่อนไขของรายวิชา/ภาควิชา,สอบ,user_custom_list,,,
qb_310,qb_036,announcements,medium,factual,True,หากลงทะเบียนผิดวิชา ต้องแก้ไขอย่างไร,announcement;calendar,ให้ตรวจสอบประกาศล่าสุดจากช่องทางทางการของมหาวิทยาลัย/คณะเพื่อความถูกต้องของข้อมูล,ลงทะเบียน,user_custom_list,,,
qb_311,qb_037,announcements,medium,verification,True,สามารถลงทะเบียนเกินหน่วยกิตได้หรือไม่,announcement;calendar,ให้ตรวจสอบประกาศล่าสุดจากช่องทางทางการของมหาวิทยาลัย/คณะเพื่อความถูกต้องของข้อมูล,ลงทะเบียน;หน่วยกิต,user_custom_list,,,
qb_312,qb_038,curriculum,medium,factual,True,CPE 210 สอนอะไร,foe10;curriculum,ไม่พบชื่อรายวิชา CPE 210 ในหลักสูตรฉบับที่ใช้ประเมิน จึงควรตรวจสอบจากประกาศรายวิชาล่าสุดของภาควิชาหรือหลักสูตรฉบับปัจจุบันเพิ่มเติม,CPE 210,user_custom_list,,,
qb_313,qb_039,announcements,medium,verification,True,ช่วยเช็กให้หน่อยว่า วันสุดท้ายถอนวิชาแบบติด W มีประกาศใหม่แล้วหรือยัง,announcement;calendar,,ประกาศ,user_custom_list,,,
qb_314,qb_040,announcements,medium,factual,True,การยื่นคำร้องต้องทำผ่านช่องทางใด,announcement;calendar,การยื่นคำร้องให้ทำผ่านช่องทางของงานทะเบียน/ระบบคำร้องตามที่มหาวิทยาลัยประกาศ พร้อมแนบเอกสารให้ครบ,announcements,user_custom_list,,,
qb_315,qb_041,general,medium,factual,True,การลาออกจากรายวิชาทำได้เมื่อไร,,โปรดอ้างอิงเอกสารและประกาศล่าสุดจากช่องทางทางการของมหาวิทยาลัย/ภาควิชา,general,user_custom_list,,,
qb_316,qb_042,announcements,medium,procedural,True,การพักการเรียนต้องทำอย่างไร,announcement;calendar,การพักการเรียนต้องยื่นคำร้องภายในกรอบเวลาที่กำหนดและปฏิบัติตามเงื่อนไขทางวิชาการ/การเงินของมหาวิทยาลัย,announcements,user_custom_list,,,
qb_317,qb_043,curriculum,medium,factual,True,CPE 215 มีเนื้อหาอะไร,foe10;curriculum,ไม่พบชื่อรายวิชา CPE 215 ในหลักสูตรฉบับที่ใช้ประเมิน จึงควรตรวจสอบจากประกาศรายวิชาล่าสุดของภาควิชาหรือหลักสูตรฉบับปัจจุบันเพิ่มเติม,CPE 215,user_custom_list,,,
qb_318,qb_044,announcements,medium,verification,True,ช่วยเช็กให้หน่อยว่า ค่าธรรมเนียมจัดส่งเอกสารทางไปรษณีย์ มีประกาศใหม่แล้วหรือยัง,announcement;calendar,,ประกาศ,user_custom_list,,,
qb_319,qb_045,regulations,medium,factual,True,การสอบออนไลน์มีข้อกำหนดอะไร,rule_exam;regulation,การสอบออนไลน์ต้องปฏิบัติตามประกาศการคุมสอบออนไลน์ของรายวิชาและมหาวิทยาลัย เช่น เวลา อุปกรณ์ และความโปร่งใสในการสอบ,สอบ,user_custom_list,,,
qb_320,qb_046,announcements,medium,verification,True,สามารถเปลี่ยนคณะได้หรือไม่,announcement;calendar,การเปลี่ยนคณะขึ้นกับเกณฑ์และช่วงเวลาที่มหาวิทยาลัยกำหนด ต้องตรวจประกาศและยื่นคำร้องตามขั้นตอน,announcements,user_custom_list,,,
qb_321,qb_047,announcements,medium,procedural,True,การขอ transcript ต้องทำอย่างไร,announcement;calendar,การขอ transcript ให้ดำเนินการผ่านระบบงานทะเบียนตามขั้นตอนที่ประกาศ และเลือกวิธีรับเอกสารตามที่สะดวก,announcements,user_custom_list,,,
qb_322,qb_048,curriculum,medium,factual,True,CPE 220 คือวิชาอะไร,foe10;curriculum,ไม่พบชื่อรายวิชา CPE 220 ในหลักสูตรฉบับที่ใช้ประเมิน จึงควรตรวจสอบจากประกาศรายวิชาล่าสุดของภาควิชาหรือหลักสูตรฉบับปัจจุบันเพิ่มเติม,CPE 220,user_custom_list,,,
qb_323,qb_049,announcements,medium,verification,True,ช่วยเช็กให้หน่อยว่า ค่าประกันอุบัติเหตุนักศึกษา มีประกาศใหม่แล้วหรือยัง,announcement;calendar,,ประกาศ,user_custom_list,,,
qb_324,qb_050,announcements,medium,procedural,True,หากระบบลงทะเบียนล่มต้องทำอย่างไร,announcement;calendar,หากระบบลงทะเบียนล่ม ให้บันทึกหลักฐานเวลาเกิดเหตุและติดต่อช่องทางช่วยเหลือทางการของงานทะเบียนทันที,ลงทะเบียน,user_custom_list,,,
qb_325,qb_051,announcements,medium,procedural,True,การขอใบรับรองนักศึกษาต้องทำอย่างไร,announcement;calendar,การขอใบรับรองนักศึกษาให้ยื่นผ่านช่องทางของงานทะเบียน และตรวจเวลารับเอกสารตามประกาศล่าสุด,announcements,user_custom_list,,,
qb_326,qb_052,announcements,medium,verification,True,ช่วยเช็กให้หน่อยว่า ประกาศหยุดเรียน/เลื่อนการเรียนการสอน มีประกาศใหม่แล้วหรือยัง,announcement;calendar,,ประกาศ,user_custom_list,,,
qb_327,qb_053,curriculum,medium,factual,True,CPE 230 มีจุดเด่นอะไร,foe10;curriculum,ไม่พบชื่อรายวิชา CPE 230 ในหลักสูตรฉบับที่ใช้ประเมิน จึงควรตรวจสอบจากประกาศรายวิชาล่าสุดของภาควิชาหรือหลักสูตรฉบับปัจจุบันเพิ่มเติม,CPE 230,user_custom_list,,,
qb_328,qb_054,announcements,medium,factual,True,ขออัปเดต ช่องทางติดตามประกาศล่าสุดของภาควิชา ล่าสุดหน่อยครับ,announcement;calendar,,ประกาศ,user_custom_list,,,
qb_329,qb_055,general,medium,procedural,True,หากลืมส่งงานต้องทำอย่างไร,,โปรดอ้างอิงเอกสารและประกาศล่าสุดจากช่องทางทางการของมหาวิทยาลัย/ภาควิชา,general,user_custom_list,,,
qb_330,qb_056,general,medium,verification,True,สามารถเรียน summer แทนได้หรือไม่,,โปรดอ้างอิงเอกสารและประกาศล่าสุดจากช่องทางทางการของมหาวิทยาลัย/ภาควิชา,general,user_custom_list,,,
qb_331,qb_057,announcements,medium,factual,True,ขออัปเดต กำหนดการชำระค่าเทอม ล่าสุดหน่อยครับ,announcement;calendar,,ประกาศ,user_custom_list,,,
qb_332,qb_058,curriculum,medium,factual,True,CPE 240 คืออะไร,foe10;curriculum,ไม่พบชื่อรายวิชา CPE 240 ในหลักสูตรฉบับที่ใช้ประเมิน จึงควรตรวจสอบจากประกาศรายวิชาล่าสุดของภาควิชาหรือหลักสูตรฉบับปัจจุบันเพิ่มเติม,CPE 240,user_custom_list,,,
qb_333,qb_059,announcements,medium,verification,True,ช่วยเช็กให้หน่อยว่า ช่วงสอบกลางภาคและปลายภาค มีประกาศใหม่แล้วหรือยัง,announcement;calendar,,ประกาศ,user_custom_list,,,
qb_334,qb_060,regulations,medium,verification,True,หากสอบตกสามารถลงใหม่ได้หรือไม่,rule_exam;regulation,ให้ยึดระเบียบการสอบฉบับปัจจุบันและคำชี้แจงของกรรมการคุมสอบ/รายวิชาเป็นหลัก,สอบ,user_custom_list,,,
qb_335,qb_100,general,medium,procedural,True,หากต้องการเปลี่ยนหัวข้อโปรเจคต้องทำอย่างไร,,โปรดอ้างอิงเอกสารและประกาศล่าสุดจากช่องทางทางการของมหาวิทยาลัย/ภาควิชา,general,user_custom_list,,,
qb_336,qb_120,announcements,medium,factual,True,ขออัปเดต ขั้นตอนขอหนังสือรับรองนักศึกษา ล่าสุดหน่อยครับ,announcement;calendar,,ประกาศ,user_custom_list,,,
qb_337,qb_150,curriculum,medium,factual,True,CPE 300-level แตกต่างจาก 200-level อย่างไร,foe10;curriculum,ข้อมูลของ CPE 300 ควรอ้างอิงจากหลักสูตรและคำอธิบายรายวิชาฉบับล่าสุดเพื่อความถูกต้อง,CPE 300,user_custom_list,,,
qb_338,qb_180,announcements,medium,procedural,True,ถ้าจะจัดการเรื่อง ขั้นตอนขอทรานสคริปต์ออนไลน์ ต้องเริ่มจากตรงไหน,announcement;calendar,,ประกาศ,user_custom_list,,,
qb_339,qb_200,announcements,medium,verification,True,ช่วยเช็กให้หน่อยว่า ช่วง add/drop มีประกาศใหม่แล้วหรือยัง,announcement;calendar,,ประกาศ,user_custom_list,,,
qb_340,qb_220,regulations,medium,factual,True,การสอบปลายภาคมีสัดส่วนคะแนนเท่าไร,rule_exam;regulation,สัดส่วนคะแนนปลายภาคขึ้นกับแผนการวัดผลของแต่ละรายวิชา ให้ยึดเอกสารชี้แจงรายวิชาหรือประกาศผู้สอน,สอบ,user_custom_list,,,
qb_341,qb_240,general,medium,factual,True,ต้องยื่นเอกสารจบเมื่อไร,,โปรดอ้างอิงเอกสารและประกาศล่าสุดจากช่องทางทางการของมหาวิทยาลัย/ภาควิชา,general,user_custom_list,,,
qb_342,qb_250,announcements,medium,procedural,True,ขั้นตอนทั้งหมดตั้งแต่ลงทะเบียนจนจบการศึกษามีอะไรบ้าง,announcement;calendar,ให้ตรวจสอบประกาศล่าสุดจากช่องทางทางการของมหาวิทยาลัย/คณะเพื่อความถูกต้องของข้อมูล,ลงทะเบียน,user_custom_list,,,
